date,jcd,r,登番1,級別1,年齢1,体重1,勝率1,全国2率1,当地勝率1,当地2率1,モーター番号1,モーター2率1,ボート番号1,ボート2率1,登番2,級別2,年齢2,体重2,勝率2,全国2率2,当地勝率2,当地2率2,モーター番号2,モーター2率2,ボート番号2,ボート2率2,登番3,級別3,年齢3,体重3,勝率3,全国2率3,当地勝率3,当地2率3,モーター番号3,モーター2率3,ボート番号3,ボート2率3,登番4,級別4,年齢4,体重4,勝率4,全国2率4,当地勝率4,当地2率4,モーター番号4,モーター2率4,ボート番号4,ボート2率4,登番5,級別5,年齢5,体重5,勝率5,全国2率5,当地勝率5,当地2率5,モーター番号5,モーター2率5,ボート番号5,ボート2率5,登番6,級別6,年齢6,体重6,勝率6,全国2率6,当地勝率6,当地2率6,モーター番号6,モーター2率6,ボート番号6,ボート2率6
20260726,23,1,4330,A2,42.0,53.0,6.18,44.17,6.14,47.62,29,37.56,20,32.61,3370,B1,59.0,53.0,3.76,18.31,4.9,25.0,33,21.6,17,36.96,3615,B1,53.0,51.0,4.6,31.03,4.77,29.55,44,32.47,55,43.75,5397,B2,24.0,45.0,1.46,0.0,1.0,0.0,35,39.36,27,25.0,4343,B1,41.0,54.0,4.94,21.65,2.72,5.56,20,33.16,60,32.14,5310,B1,21.0,47.0,4.6,16.92,2.5,0.0,12,35.75,54,33.33
20260726,23,2,4633,A2,37.0,52.0,5.61,33.61,5.78,44.44,47,33.82,5,31.87,5294,B1,24.0,49.0,3.92,22.37,0.0,0.0,55,33.5,22,28.38,4072,A1,45.0,52.0,6.97,52.75,6.47,50.62,15,35.92,18,28.57,3875,B1,49.0,50.0,4.55,28.83,5.38,34.62,41,29.82,53,37.35,4909,B1,30.0,44.0,5.08,36.05,4.42,19.44,16,46.07,45,25.29,5459,B2,19.0,43.0,1.05,0.0,0.0,0.0,7,40.91,30,25.56
20260726,23,3,5004,A2,30.0,52.0,5.98,40.83,4.17,27.78,2,38.62,10,42.67,4905,B1,31.0,54.0,4.6,22.89,4.29,42.86,28,39.44,8,41.94,3392,B1,60.0,51.0,4.28,17.44,4.7,20.0,32,48.58,41,40.7,3430,B1,58.0,55.0,4.18,23.6,2.25,3.57,40,44.26,11,25.61,4460,A2,40.0,56.0,6.03,43.14,4.44,11.11,52,33.51,12,39.51,5435,B2,21.0,49.0,1.43,0.0,1.0,0.0,8,38.07,1,46.25
20260726,23,4,4978,B1,32.0,54.0,4.83,25.74,4.94,25.81,4,46.19,28,38.1,4365,A2,40.0,52.0,6.03,44.57,5.75,37.5,1,31.79,59,38.89,4648,B1,42.0,53.0,4.82,30.77,4.94,29.41,60,33.01,51,31.33,4248,B1,44.0,55.0,4.7,25.29,3.72,6.9,34,34.44,46,18.68,4254,A2,43.0,52.0,5.5,32.0,5.38,25.0,19,34.66,40,28.05,4411,A2,40.0,55.0,5.65,36.92,6.25,43.75,23,23.08,19,35.48
20260726,23,5,3987,A1,48.0,54.0,6.18,42.86,6.74,52.63,53,21.51,3,34.88,4429,B1,40.0,61.0,3.5,12.2,4.39,25.0,38,32.79,24,39.74,4289,A2,41.0,49.0,5.59,36.79,4.57,21.43,21,33.51,35,38.3,4343,B1,41.0,54.0,4.94,21.65,2.72,5.56,20,33.16,60,32.14,5276,B1,24.0,51.0,5.05,24.24,4.71,26.32,59,29.44,50,40.0,4962,A2,29.0,53.0,5.19,30.84,0.0,0.0,31,38.25,14,31.11
20260726,23,6,4092,B1,45.0,52.0,4.82,25.0,5.76,38.78,42,37.06,52,34.09,4085,B1,46.0,55.0,5.36,34.48,0.0,0.0,27,33.33,4,21.69,4368,B1,40.0,53.0,3.95,21.05,4.0,25.0,14,33.15,21,44.19,3615,B1,53.0,51.0,4.6,31.03,4.77,29.55,44,32.47,55,43.75,5006,B1,29.0,57.0,3.38,14.89,2.0,0.0,17,28.76,29,41.38,4362,A1,41.0,53.0,6.7,46.43,6.88,43.75,37,33.67,16,39.02
20260726,23,7,4216,B1,41.0,54.0,4.53,23.16,5.33,33.33,10,37.44,42,27.27,3875,B1,49.0,50.0,4.55,28.83,5.38,34.62,41,29.82,53,37.35,5140,B1,25.0,47.0,4.77,25.32,4.93,26.67,48,29.71,38,37.21,3392,B1,60.0,51.0,4.28,17.44,4.7,20.0,32,48.58,41,40.7,3370,B1,59.0,53.0,3.76,18.31,4.9,25.0,33,21.6,17,36.96,5397,B2,24.0,45.0,1.46,0.0,1.0,0.0,35,39.36,27,25.0
20260726,23,8,3998,B1,47.0,51.0,4.51,27.84,5.12,33.57,24,31.16,48,28.41,4648,B1,42.0,53.0,4.82,30.77,4.94,29.41,60,33.01,51,31.33,4909,B1,30.0,44.0,5.08,36.05,4.42,19.44,16,46.07,45,25.29,5294,B1,24.0,49.0,3.92,22.37,0.0,0.0,55,33.5,22,28.38,5395,B1,24.0,51.0,2.18,4.23,2.26,9.3,26,31.87,39,45.57,4936,A2,29.0,48.0,6.25,44.3,5.33,33.33,18,36.87,31,36.99
20260726,23,9,4254,A2,43.0,52.0,5.5,32.0,5.38,25.0,19,34.66,40,28.05,5276,B1,24.0,51.0,5.05,24.24,4.71,26.32,59,29.44,50,40.0,3430,B1,58.0,55.0,4.18,23.6,2.25,3.57,40,44.26,11,25.61,4365,A2,40.0,52.0,6.03,44.57,5.75,37.5,1,31.79,59,38.89,4633,A2,37.0,52.0,5.61,33.61,5.78,44.44,47,33.82,5,31.87,4330,A2,42.0,53.0,6.18,44.17,6.14,47.62,29,37.56,20,32.61
20260726,23,10,4962,A2,29.0,53.0,5.19,30.84,0.0,0.0,31,38.25,14,31.11,4368,B1,40.0,53.0,3.95,21.05,4.0,25.0,14,33.15,21,44.19,4092,B1,45.0,52.0,4.82,25.0,5.76,38.78,42,37.06,52,34.09,4072,A1,45.0,52.0,6.97,52.75,6.47,50.62,15,35.92,18,28.57,4978,B1,32.0,54.0,4.83,25.74,4.94,25.81,4,46.19,28,38.1,5004,A2,30.0,52.0,5.98,40.83,4.17,27.78,2,38.62,10,42.67
20260726,23,11,4362,A1,41.0,53.0,6.7,46.43,6.88,43.75,37,33.67,16,39.02,4289,A2,41.0,49.0,5.59,36.79,4.57,21.43,21,33.51,35,38.3,4216,B1,41.0,54.0,4.53,23.16,5.33,33.33,10,37.44,42,27.27,4411,A2,40.0,55.0,5.65,36.92,6.25,43.75,23,23.08,19,35.48,5140,B1,25.0,47.0,4.77,25.32,4.93,26.67,48,29.71,38,37.21,3987,A1,48.0,54.0,6.18,42.86,6.74,52.63,53,21.51,3,34.88
20260726,23,12,4497,A1,39.0,53.0,7.39,56.0,7.11,48.15,50,38.69,33,14.29,5267,A1,25.0,52.0,6.69,47.75,6.4,50.0,22,38.83,56,32.95,4252,B1,43.0,51.0,4.39,20.43,4.16,20.69,58,32.47,25,21.59,4950,A1,33.0,52.0,6.65,52.07,3.67,11.11,5,37.08,57,30.49,4102,A1,47.0,52.0,6.38,49.24,7.08,50.98,13,29.13,2,35.16,4218,A1,44.0,51.0,6.38,50.0,5.0,33.33,11,30.0,37,36.36
20260726,21,1,4376,A2,42.0,52.0,5.87,44.09,6.15,44.12,45,30.26,69,28.57,4562,B1,38.0,54.0,4.87,24.3,4.04,15.38,22,41.67,63,33.87,4416,B1,39.0,54.0,5.39,34.69,5.92,39.62,25,14.29,53,43.66,3268,B1,61.0,53.0,4.59,28.57,5.0,12.5,23,31.67,51,35.94,5263,B1,27.0,52.0,4.19,18.89,3.37,15.25,2,33.87,54,40.91,5100,B1,29.0,57.0,4.66,28.57,0.0,0.0,28,30.14,48,22.5
20260726,21,2,4522,A2,38.0,54.0,6.05,45.08,7.26,54.29,18,25.0,37,34.33,4336,B1,42.0,54.0,4.7,26.6,5.2,27.78,56,45.0,17,35.94,5101,B1,29.0,55.0,3.37,6.78,3.65,15.0,43,50.77,19,21.31,4436,A1,40.0,52.0,6.3,47.0,6.92,66.67,21,42.86,55,41.1,4501,B1,38.0,44.0,5.22,33.03,4.74,31.58,16,22.54,68,30.65,5293,B1,24.0,52.0,3.2,14.55,2.78,11.11,5,32.73,59,47.54
20260726,21,3,4027,A2,48.0,56.0,5.74,37.63,5.21,25.58,57,38.71,42,28.07,4660,B1,35.0,53.0,4.15,22.5,0.0,0.0,37,32.43,58,32.2,4420,A2,38.0,53.0,5.86,38.17,5.95,40.0,31,38.36,65,26.98,3842,B1,50.0,54.0,4.62,26.32,4.44,22.22,59,28.33,40,29.85,3623,A1,52.0,51.0,7.57,64.1,7.53,63.16,9,27.27,18,26.47,4694,B1,41.0,44.0,4.37,21.13,5.44,27.78,15,33.33,43,38.16
20260726,21,4,4373,A1,38.0,47.0,6.37,45.0,6.3,45.45,17,29.17,44,50.67,5369,B1,24.0,52.0,3.16,12.66,2.09,4.35,46,26.56,27,43.28,4879,B1,31.0,52.0,5.02,34.12,4.42,25.0,40,23.19,31,31.82,3282,B1,59.0,52.0,4.73,26.92,5.33,29.17,24,20.9,35,37.88,5239,B1,26.0,52.0,5.27,29.07,3.48,7.41,55,48.21,56,34.38,5227,B2,24.0,52.0,2.71,14.29,0.0,0.0,8,44.26,16,34.85
20260726,21,5,3898,A1,49.0,55.0,7.03,53.4,6.83,53.33,60,38.6,38,36.49,4882,B2,30.0,49.0,2.44,6.25,2.67,6.67,42,27.78,28,11.27,5248,B1,24.0,48.0,4.78,25.29,4.38,37.5,53,30.65,25,33.33,4945,B1,34.0,54.0,4.0,14.13,4.44,18.52,30,35.21,61,38.33,3305,B1,58.0,53.0,4.04,20.27,4.19,26.92,58,22.03,57,37.14,3582,A2,53.0,54.0,6.08,45.71,6.23,46.81,48,38.1,52,26.98
20260726,21,6,4969,B1,35.0,53.0,4.51,20.65,4.29,26.47,54,33.33,14,46.88,3435,A2,57.0,44.0,6.58,45.97,6.72,53.49,26,22.22,15,33.8,4562,B1,38.0,54.0,4.87,24.3,4.04,15.38,22,41.67,63,33.87,4336,B1,42.0,54.0,4.7,26.6,5.2,27.78,56,45.0,17,35.94,3616,B1,53.0,54.0,4.62,27.16,6.06,41.43,35,51.56,23,25.0,4352,A1,40.0,52.0,6.55,46.77,0.0,0.0,6,24.24,34,31.15
20260726,21,7,5101,B1,29.0,55.0,3.37,6.78,3.65,15.0,43,50.77,19,21.31,5283,B2,22.0,48.0,2.36,4.11,0.83,0.0,39,40.0,70,34.38,5263,B1,27.0,52.0,4.19,18.89,3.37,15.25,2,33.87,54,40.91,3584,B1,53.0,54.0,5.03,34.31,4.29,25.0,20,16.67,33,33.85,4660,B1,35.0,53.0,4.15,22.5,0.0,0.0,37,32.43,58,32.2,4197,B1,44.0,55.0,3.78,16.84,0.0,0.0,51,38.46,47,21.05
20260726,21,8,3834,B1,51.0,56.0,4.11,25.3,0.0,0.0,49,20.97,36,39.73,4436,A1,40.0,52.0,6.3,47.0,6.92,66.67,21,42.86,55,41.1,3842,B1,50.0,54.0,4.62,26.32,4.44,22.22,59,28.33,40,29.85,4416,B1,39.0,54.0,5.39,34.69,5.92,39.62,25,14.29,53,43.66,4879,B1,31.0,52.0,5.02,34.12,4.42,25.0,40,23.19,31,31.82,3623,A1,52.0,51.0,7.57,64.1,7.53,63.16,9,27.27,18,26.47
20260726,21,9,5239,B1,26.0,52.0,5.27,29.07,3.48,7.41,55,48.21,56,34.38,4798,A1,33.0,52.0,6.38,44.44,7.25,50.0,38,28.57,49,42.25,5293,B1,24.0,52.0,3.2,14.55,2.78,11.11,5,32.73,59,47.54,5369,B1,24.0,52.0,3.16,12.66,2.09,4.35,46,26.56,27,43.28,3268,B1,61.0,53.0,4.59,28.57,5.0,12.5,23,31.67,51,35.94,4120,A2,45.0,52.0,6.06,45.24,5.07,29.63,36,27.85,22,38.1
20260726,21,10,4501,B1,38.0,44.0,5.22,33.03,4.74,31.58,16,22.54,68,30.65,5227,B2,24.0,52.0,2.71,14.29,0.0,0.0,8,44.26,16,34.85,3435,A2,57.0,44.0,6.58,45.97,6.72,53.49,26,22.22,15,33.8,4694,B1,41.0,44.0,4.37,21.13,5.44,27.78,15,33.33,43,38.16,5248,B1,24.0,48.0,4.78,25.29,4.38,37.5,53,30.65,25,33.33,4882,B2,30.0,49.0,2.44,6.25,2.67,6.67,42,27.78,28,11.27
20260726,21,11,4420,A2,38.0,53.0,5.86,38.17,5.95,40.0,31,38.36,65,26.98,4945,B1,34.0,54.0,4.0,14.13,4.44,18.52,30,35.21,61,38.33,3616,B1,53.0,54.0,4.62,27.16,6.06,41.43,35,51.56,23,25.0,4027,A2,48.0,56.0,5.74,37.63,5.21,25.58,57,38.71,42,28.07,3898,A1,49.0,55.0,7.03,53.4,6.83,53.33,60,38.6,38,36.49,3746,A2,51.0,53.0,5.7,36.15,5.88,41.18,44,32.39,32,30.0
20260726,21,12,3918,A1,51.0,51.0,6.7,47.5,6.6,48.94,52,35.0,13,41.1,3584,B1,53.0,54.0,5.03,34.31,4.29,25.0,20,16.67,33,33.85,4373,A1,38.0,47.0,6.37,45.0,6.3,45.45,17,29.17,44,50.67,4522,A2,38.0,54.0,6.05,45.08,7.26,54.29,18,25.0,37,34.33,4376,A2,42.0,52.0,5.87,44.09,6.15,44.12,45,30.26,69,28.57,4969,B1,35.0,53.0,4.51,20.65,4.29,26.47,54,33.33,14,46.88
20260726,20,1,4196,B1,44.0,53.0,3.76,19.8,4.59,29.63,60,30.94,48,48.15,5398,B1,24.0,53.0,4.17,20.87,3.39,11.76,28,30.22,33,31.82,5268,B1,25.0,56.0,4.08,21.79,3.23,18.75,25,42.66,70,45.16,4145,B1,44.0,54.0,3.92,16.48,3.52,14.29,56,23.53,19,19.35,5412,B2,20.0,43.0,1.61,1.22,1.48,0.0,14,36.55,28,30.77,4327,B1,43.0,52.0,3.87,18.95,3.44,11.11,32,34.44,29,22.22
20260726,20,2,3932,B1,50.0,51.0,4.68,33.33,4.89,33.33,26,31.47,24,34.38,4705,B1,37.0,56.0,3.41,17.31,5.03,37.93,3,36.05,42,10.34,5370,B2,24.0,48.0,1.31,3.13,1.06,0.0,1,28.77,45,35.71,4530,A1,37.0,46.0,7.25,56.44,6.7,54.05,31,31.65,52,16.0,5093,B2,24.0,58.0,4.02,27.27,4.95,29.27,20,39.42,35,39.39,4366,A1,40.0,55.0,6.77,48.48,6.97,61.29,12,32.41,75,31.82
20260726,20,3,4442,B1,39.0,53.0,6.1,47.71,5.13,37.5,11,25.34,32,22.73,3947,B1,50.0,49.0,4.52,18.75,3.33,16.67,36,32.0,64,16.67,5358,B2,20.0,49.0,2.38,3.13,2.39,3.23,58,30.43,11,40.74,4785,B1,38.0,52.0,4.29,17.86,4.29,0.0,35,41.72,55,32.0,4188,A1,45.0,52.0,7.8,62.71,6.58,33.33,19,35.66,39,34.78,4372,A2,38.0,46.0,6.16,44.44,3.29,14.29,10,25.68,54,37.04
20260726,20,4,4247,B1,44.0,56.0,5.2,28.0,5.48,41.38,17,28.57,23,55.56,4615,B1,46.0,52.0,4.35,23.08,4.22,18.75,24,32.35,50,33.33,3859,B1,53.0,51.0,4.21,23.4,0.0,0.0,7,27.78,61,25.0,4168,A1,44.0,52.0,6.98,47.22,6.72,50.0,53,28.46,30,26.67,5270,B1,25.0,53.0,4.48,22.92,3.4,15.0,34,37.09,71,57.69,3489,A2,59.0,53.0,5.81,39.26,5.98,47.5,41,34.64,44,56.0
20260726,20,5,4762,A1,36.0,50.0,7.28,53.54,9.1,90.0,55,17.46,63,21.88,4259,A2,42.0,54.0,5.52,35.71,5.04,34.62,51,45.59,59,7.14,4325,B1,43.0,52.0,4.52,20.48,0.0,0.0,43,34.44,51,41.38,5002,A2,30.0,51.0,5.71,37.72,6.53,46.67,23,41.73,68,47.22,5320,B1,25.0,48.0,3.31,12.94,3.44,11.11,48,35.25,43,37.04,5412,B2,20.0,43.0,1.61,1.22,1.48,0.0,14,36.55,28,30.77
20260726,20,6,3841,A2,50.0,55.0,6.2,45.53,6.39,43.48,5,44.52,62,30.0,5070,B1,32.0,53.0,3.77,18.92,4.11,21.05,2,35.62,14,26.09,4779,B1,40.0,52.0,5.35,30.53,4.44,31.25,39,42.57,27,44.83,5157,B1,28.0,55.0,4.13,25.29,4.6,20.0,15,35.42,18,12.0,5370,B2,24.0,48.0,1.31,3.13,1.06,0.0,1,28.77,45,35.71,4504,A1,38.0,56.0,6.59,46.3,7.38,57.58,61,30.5,25,37.5
20260726,20,7,4287,A2,41.0,56.0,6.26,42.16,6.54,48.6,13,33.57,20,37.04,5093,B2,24.0,58.0,4.02,27.27,4.95,29.27,20,39.42,35,39.39,3519,B1,58.0,51.0,4.09,15.79,4.3,10.0,16,25.19,40,31.82,4196,B1,44.0,53.0,3.76,19.8,4.59,29.63,60,30.94,48,48.15,5358,B2,20.0,49.0,2.38,3.13,2.39,3.23,58,30.43,11,40.74,4819,A2,35.0,46.0,5.06,29.91,5.6,40.0,33,32.0,21,32.26
20260726,20,8,4079,A2,47.0,53.0,5.73,35.04,6.02,44.32,50,33.09,73,10.53,3942,A1,47.0,55.0,6.94,55.34,7.4,51.43,29,28.47,41,59.26,5050,A2,31.0,52.0,5.69,40.48,0.0,0.0,57,31.06,67,40.0,4128,B1,46.0,56.0,5.51,34.18,5.55,37.93,40,35.33,66,13.64,4442,B1,39.0,53.0,6.1,47.71,5.13,37.5,11,25.34,32,22.73,4145,B1,44.0,54.0,3.92,16.48,3.52,14.29,56,23.53,19,19.35
20260726,20,9,4890,A2,37.0,52.0,6.0,39.8,4.79,21.05,37,28.77,22,25.0,5268,B1,25.0,56.0,4.08,21.79,3.23,18.75,25,42.66,70,45.16,4850,A2,31.0,53.0,6.06,38.46,0.0,0.0,38,30.82,46,32.0,4615,B1,46.0,52.0,4.35,23.08,4.22,18.75,24,32.35,50,33.33,4705,B1,37.0,56.0,3.41,17.31,5.03,37.93,3,36.05,42,10.34,3947,B1,50.0,49.0,4.52,18.75,3.33,16.67,36,32.0,64,16.67
20260726,20,10,4530,A1,37.0,46.0,7.25,56.44,6.7,54.05,31,31.65,52,16.0,4247,B1,44.0,56.0,5.2,28.0,5.48,41.38,17,28.57,23,55.56,4785,B1,38.0,52.0,4.29,17.86,4.29,0.0,35,41.72,55,32.0,4762,A1,36.0,50.0,7.28,53.54,9.1,90.0,55,17.46,63,21.88,5398,B1,24.0,53.0,4.17,20.87,3.39,11.76,28,30.22,33,31.82,4779,B1,40.0,52.0,5.35,30.53,4.44,31.25,39,42.57,27,44.83
20260726,20,11,5002,A2,30.0,51.0,5.71,37.72,6.53,46.67,23,41.73,68,47.22,4327,B1,43.0,52.0,3.87,18.95,3.44,11.11,32,34.44,29,22.22,4188,A1,45.0,52.0,7.8,62.71,6.58,33.33,19,35.66,39,34.78,3841,A2,50.0,55.0,6.2,45.53,6.39,43.48,5,44.52,62,30.0,3932,B1,50.0,51.0,4.68,33.33,4.89,33.33,26,31.47,24,34.38,3859,B1,53.0,51.0,4.21,23.4,0.0,0.0,7,27.78,61,25.0
20260726,20,12,4168,A1,44.0,52.0,6.98,47.22,6.72,50.0,53,28.46,30,26.67,3519,B1,58.0,51.0,4.09,15.79,4.3,10.0,16,25.19,40,31.82,5157,B1,28.0,55.0,4.13,25.29,4.6,20.0,15,35.42,18,12.0,4372,A2,38.0,46.0,6.16,44.44,3.29,14.29,10,25.68,54,37.04,4259,A2,42.0,54.0,5.52,35.71,5.04,34.62,51,45.59,59,7.14,5050,A2,31.0,52.0,5.69,40.48,0.0,0.0,57,31.06,67,40.0
20260726,17,1,4706,A2,37.0,51.0,5.72,41.6,5.0,20.0,67,34.67,12,36.26,4555,B1,37.0,53.0,5.23,33.33,6.32,48.39,55,38.5,20,32.16,4565,B1,38.0,55.0,3.94,12.87,0.0,0.0,39,33.68,57,36.41,5020,B1,34.0,55.0,4.77,27.47,3.13,12.5,20,29.57,32,34.5,3757,A2,54.0,52.0,5.47,34.67,5.62,35.9,29,30.68,71,31.43,5420,B2,20.0,52.0,2.04,0.0,0.8,0.0,60,36.59,70,28.36
20260726,17,2,4708,B1,37.0,55.0,3.81,13.51,4.65,23.44,58,43.81,51,37.5,4638,B1,35.0,54.0,5.43,34.62,4.67,16.67,36,33.17,23,33.33,4835,B1,38.0,54.0,5.01,25.96,4.92,23.26,66,43.18,29,46.89,4422,B1,37.0,53.0,4.29,25.88,4.81,37.84,21,41.84,35,38.78,5336,B1,20.0,55.0,3.53,14.14,1.47,0.0,81,32.58,16,40.1,4405,B1,41.0,53.0,4.69,22.34,6.6,50.0,18,36.13,24,31.22
20260726,17,3,3211,B1,64.0,53.0,4.2,16.0,3.42,11.54,16,35.96,65,32.5,4191,A1,45.0,53.0,6.28,48.6,5.33,33.33,30,41.21,63,37.76,4715,A1,34.0,53.0,6.04,36.11,6.55,52.38,11,37.5,55,24.84,4930,A2,30.0,54.0,5.95,39.42,5.41,29.63,57,37.63,81,28.47,4982,B1,29.0,55.0,4.66,27.14,6.91,63.64,13,26.09,78,40.31,4866,B1,36.0,54.0,3.99,15.79,4.29,21.43,78,29.47,75,30.61
20260726,17,4,4446,A1,39.0,52.0,6.81,49.55,7.26,60.0,38,49.02,33,26.09,4672,B1,40.0,52.0,4.35,24.76,5.44,33.33,82,31.28,68,36.04,4066,A2,46.0,54.0,6.18,41.38,7.27,54.55,72,45.26,76,35.35,3776,B1,51.0,58.0,3.47,11.83,3.0,13.33,17,43.65,38,34.33,4094,B1,45.0,53.0,4.97,33.33,4.58,22.92,65,41.09,21,34.0,4109,A2,46.0,54.0,5.5,32.28,6.0,35.0,24,33.33,77,34.31
20260726,17,5,4580,B1,37.0,53.0,5.62,38.2,5.19,42.86,79,35.0,56,32.32,4904,B1,31.0,52.0,5.3,34.4,5.0,30.23,70,36.21,58,37.56,3777,A2,50.0,52.0,5.79,40.71,5.1,38.1,59,31.05,34,28.57,4179,A2,43.0,52.0,5.38,33.65,5.55,40.0,54,35.38,26,26.67,4703,A1,38.0,52.0,6.9,60.0,5.56,29.63,33,34.69,64,29.77,5457,B2,20.0,51.0,1.07,0.0,0.0,0.0,56,34.04,14,30.23
20260726,17,6,3976,B1,49.0,53.0,3.38,15.56,3.65,22.58,51,37.31,61,35.08,3574,A1,53.0,53.0,6.17,48.54,5.62,42.86,23,31.87,13,34.1,4555,B1,37.0,53.0,5.23,33.33,6.32,48.39,55,38.5,20,32.16,4786,A1,38.0,55.0,6.63,54.48,7.32,64.29,73,27.33,18,35.5,4215,A2,41.0,56.0,5.27,31.53,6.52,44.44,27,30.98,30,27.5,5448,B2,23.0,50.0,1.16,0.0,0.0,0.0,35,27.65,22,34.3
20260726,17,7,4943,B1,35.0,55.0,4.3,17.5,3.9,20.0,71,33.91,79,30.46,4600,A1,41.0,51.0,6.39,46.0,6.88,50.79,52,32.84,36,32.71,3833,A2,51.0,54.0,6.24,46.43,7.09,58.82,32,43.46,53,31.25,5420,B2,20.0,52.0,2.04,0.0,0.8,0.0,60,36.59,70,28.36,4638,B1,35.0,54.0,5.43,34.62,4.67,16.67,36,33.17,23,33.33,4674,B1,38.0,52.0,5.14,30.63,5.98,40.48,15,34.2,69,29.21
20260726,17,8,3757,A2,54.0,52.0,5.47,34.67,5.62,35.9,29,30.68,71,31.43,4161,B1,44.0,56.0,5.34,34.38,6.0,35.48,25,40.2,54,28.64,5336,B1,20.0,55.0,3.53,14.14,1.47,0.0,81,32.58,16,40.1,4652,B1,41.0,50.0,4.54,21.18,6.28,37.93,53,30.93,31,27.39,4930,A2,30.0,54.0,5.95,39.42,5.41,29.63,57,37.63,81,28.47,3891,B1,50.0,55.0,3.55,14.56,3.2,13.33,34,37.99,67,35.24
20260726,17,9,4066,A2,46.0,54.0,6.18,41.38,7.27,54.55,72,45.26,76,35.35,4405,B1,41.0,53.0,4.69,22.34,6.6,50.0,18,36.13,24,31.22,4299,B1,43.0,56.0,4.33,18.75,2.88,6.25,37,42.63,73,35.92,4866,B1,36.0,54.0,3.99,15.79,4.29,21.43,78,29.47,75,30.61,4351,A1,40.0,54.0,6.92,52.05,7.06,54.29,63,31.38,59,34.52,4565,B1,38.0,55.0,3.94,12.87,0.0,0.0,39,33.68,57,36.41
20260726,17,10,4672,B1,40.0,52.0,4.35,24.76,5.44,33.33,82,31.28,68,36.04,4276,A2,43.0,53.0,5.72,40.57,6.05,52.63,61,35.79,37,36.87,3211,B1,64.0,53.0,4.2,16.0,3.42,11.54,16,35.96,65,32.5,3777,A2,50.0,52.0,5.79,40.71,5.1,38.1,59,31.05,34,28.57,4835,B1,38.0,54.0,5.01,25.96,4.92,23.26,66,43.18,29,46.89,5020,B1,34.0,55.0,4.77,27.47,3.13,12.5,20,29.57,32,34.5
20260726,17,11,4703,A1,38.0,52.0,6.9,60.0,5.56,29.63,33,34.69,64,29.77,4706,A2,37.0,51.0,5.72,41.6,5.0,20.0,67,34.67,12,36.26,4446,A1,39.0,52.0,6.81,49.55,7.26,60.0,38,49.02,33,26.09,4215,A2,41.0,56.0,5.27,31.53,6.52,44.44,27,30.98,30,27.5,4422,B1,37.0,53.0,4.29,25.88,4.81,37.84,21,41.84,35,38.78,4191,A1,45.0,53.0,6.28,48.6,5.33,33.33,30,41.21,63,37.76
20260726,17,12,4715,A1,34.0,53.0,6.04,36.11,6.55,52.38,11,37.5,55,24.84,4109,A2,46.0,54.0,5.5,32.28,6.0,35.0,24,33.33,77,34.31,3574,A1,53.0,53.0,6.17,48.54,5.62,42.86,23,31.87,13,34.1,4600,A1,41.0,51.0,6.39,46.0,6.88,50.79,52,32.84,36,32.71,4161,B1,44.0,56.0,5.34,34.38,6.0,35.48,25,40.2,54,28.64,4179,A2,43.0,52.0,5.38,33.65,5.55,40.0,54,35.38,26,26.67
20260726,14,1,3792,A1,53.0,55.0,6.0,42.17,5.74,36.84,63,32.14,52,36.21,4390,B1,40.0,52.0,4.38,20.0,4.57,22.97,56,28.3,79,18.18,3906,B1,48.0,62.0,4.04,23.76,4.22,19.57,11,33.33,36,21.57,4176,B2,43.0,54.0,3.34,17.07,4.25,25.0,75,22.92,22,24.53,3660,B1,57.0,60.0,3.18,9.72,3.49,11.76,13,25.53,25,22.0,5421,B2,24.0,52.0,1.31,1.96,0.0,0.0,76,33.33,75,46.15
20260726,14,2,4121,A2,44.0,53.0,5.99,46.15,5.52,33.33,19,34.62,78,29.63,5366,B2,24.0,56.0,1.34,1.47,1.04,0.0,81,25.0,81,34.48,4483,A1,37.0,53.0,6.73,50.86,6.5,50.0,69,28.0,30,15.25,4342,A2,41.0,54.0,6.06,35.79,7.17,63.89,31,40.0,73,13.33,4404,B1,41.0,55.0,3.74,13.41,3.82,23.53,17,34.55,38,29.17,3156,B1,61.0,55.0,4.49,26.37,4.0,25.0,39,14.0,55,33.33
20260726,14,3,4794,A1,36.0,55.0,6.85,52.94,6.62,50.0,64,25.53,62,29.41,4105,B1,46.0,54.0,5.29,31.73,5.5,40.74,68,24.0,61,29.31,5183,B1,27.0,54.0,4.92,32.0,0.0,0.0,14,44.44,31,29.41,4523,A2,38.0,53.0,5.75,38.0,6.87,56.67,30,47.06,39,28.57,5337,B1,20.0,53.0,4.35,21.43,3.63,18.75,28,20.93,59,42.59,2878,B1,68.0,56.0,5.52,33.33,5.0,14.29,21,18.18,68,27.08
20260726,14,4,4052,A2,45.0,50.0,5.62,37.7,5.89,41.01,80,25.86,23,34.62,5063,B1,28.0,52.0,4.45,19.74,6.36,36.36,72,25.49,65,34.62,5143,B1,25.0,53.0,4.02,19.3,3.98,15.83,84,22.0,71,23.4,3692,B1,55.0,53.0,4.97,26.85,5.0,41.18,10,21.28,84,30.36,4584,A1,36.0,54.0,6.1,38.2,6.38,43.75,36,16.98,11,40.98,4736,A1,35.0,52.0,7.11,56.25,6.81,43.75,83,23.91,69,28.0
20260726,14,5,4220,B1,44.0,56.0,4.92,33.0,4.1,23.81,20,32.0,26,37.25,4154,B1,46.0,53.0,5.19,37.08,5.22,34.78,57,44.9,53,49.06,4081,B1,47.0,56.0,4.88,26.61,3.67,22.22,23,25.42,58,25.45,4441,A2,39.0,54.0,5.67,33.06,7.2,60.0,74,28.57,35,22.22,3569,B1,55.0,54.0,4.15,18.68,3.58,15.79,34,32.14,21,40.74,4391,A1,40.0,51.0,6.42,44.64,3.2,0.0,25,25.86,10,38.46
20260726,14,6,4407,B1,40.0,58.0,4.92,27.36,3.75,37.5,78,36.0,72,34.48,5172,B1,25.0,52.0,4.87,28.74,5.56,35.83,73,14.58,64,33.33,4180,A2,43.0,55.0,5.41,31.07,4.38,25.0,38,40.0,51,32.73,5421,B2,24.0,52.0,1.31,1.96,0.0,0.0,76,33.33,75,46.15,3906,B1,48.0,62.0,4.04,23.76,4.22,19.57,11,33.33,36,21.57,4713,A1,35.0,54.0,6.55,45.45,5.84,36.84,26,22.03,33,60.0
20260726,14,7,3156,B1,61.0,55.0,4.49,26.37,4.0,25.0,39,14.0,55,33.33,4176,B2,43.0,54.0,3.34,17.07,4.25,25.0,75,22.92,22,24.53,3660,B1,57.0,60.0,3.18,9.72,3.49,11.76,13,25.53,25,22.0,5337,B1,20.0,53.0,4.35,21.43,3.63,18.75,28,20.93,59,42.59,3563,B1,56.0,52.0,5.5,33.63,4.79,26.32,32,28.57,34,25.81,3257,A1,59.0,51.0,6.91,59.34,5.82,47.06,62,33.96,17,35.29
20260726,14,8,2878,B1,68.0,56.0,5.52,33.33,5.0,14.29,21,18.18,68,27.08,3692,B1,55.0,53.0,4.97,26.85,5.0,41.18,10,21.28,84,30.36,5063,B1,28.0,52.0,4.45,19.74,6.36,36.36,72,25.49,65,34.62,5366,B2,24.0,56.0,1.34,1.47,1.04,0.0,81,25.0,81,34.48,4390,B1,40.0,52.0,4.38,20.0,4.57,22.97,56,28.3,79,18.18,4939,A1,28.0,51.0,7.06,51.02,7.12,60.0,77,26.92,83,32.0
20260726,14,9,3655,B1,52.0,55.0,4.95,26.92,4.27,16.67,29,53.33,60,32.65,3569,B1,55.0,54.0,4.15,18.68,3.58,15.79,34,32.14,21,40.74,4404,B1,41.0,55.0,3.74,13.41,3.82,23.53,17,34.55,38,29.17,4428,A2,40.0,53.0,6.13,42.86,7.6,70.0,35,34.62,57,23.26,4105,B1,46.0,54.0,5.29,31.73,5.5,40.74,68,24.0,61,29.31,4099,A2,47.0,53.0,5.62,37.14,5.97,44.74,22,27.42,12,32.73
20260726,14,10,4391,A1,40.0,51.0,6.42,44.64,3.2,0.0,25,25.86,10,38.46,4584,A1,36.0,54.0,6.1,38.2,6.38,43.75,36,16.98,11,40.98,4342,A2,41.0,54.0,6.06,35.79,7.17,63.89,31,40.0,73,13.33,4052,A2,45.0,50.0,5.62,37.7,5.89,41.01,80,25.86,23,34.62,4121,A2,44.0,53.0,5.99,46.15,5.52,33.33,19,34.62,78,29.63,4220,B1,44.0,56.0,4.92,33.0,4.1,23.81,20,32.0,26,37.25
20260726,14,11,4736,A1,35.0,52.0,7.11,56.25,6.81,43.75,83,23.91,69,28.0,4713,A1,35.0,54.0,6.55,45.45,5.84,36.84,26,22.03,33,60.0,5172,B1,25.0,52.0,4.87,28.74,5.56,35.83,73,14.58,64,33.33,5183,B1,27.0,54.0,4.92,32.0,0.0,0.0,14,44.44,31,29.41,4154,B1,46.0,53.0,5.19,37.08,5.22,34.78,57,44.9,53,49.06,4483,A1,37.0,53.0,6.73,50.86,6.5,50.0,69,28.0,30,15.25
20260726,14,12,4939,A1,28.0,51.0,7.06,51.02,7.12,60.0,77,26.92,83,32.0,3563,B1,56.0,52.0,5.5,33.63,4.79,26.32,32,28.57,34,25.81,4441,A2,39.0,54.0,5.67,33.06,7.2,60.0,74,28.57,35,22.22,4794,A1,36.0,55.0,6.85,52.94,6.62,50.0,64,25.53,62,29.41,3792,A1,53.0,55.0,6.0,42.17,5.74,36.84,63,32.14,52,36.21,4407,B1,40.0,58.0,4.92,27.36,3.75,37.5,78,36.0,72,34.48
20260726,13,1,5186,B1,26.0,53.0,4.71,28.75,4.43,23.81,43,16.67,61,30.88,4636,B1,36.0,53.0,3.68,18.84,2.67,8.33,35,43.48,48,44.62,4822,A2,33.0,52.0,5.85,44.35,4.78,33.33,8,32.35,43,41.27,5467,B2,19.0,49.0,2.61,0.0,0.0,0.0,30,29.23,13,37.14,4339,B1,42.0,54.0,3.49,11.9,4.19,25.0,34,32.43,16,21.21,4865,B2,36.0,53.0,4.42,15.38,0.0,0.0,17,40.91,41,38.46
20260726,13,2,3912,B1,52.0,52.0,5.91,42.59,4.04,15.38,61,36.92,26,44.12,3931,A2,50.0,51.0,5.92,39.13,5.4,33.33,44,35.21,18,35.94,3620,B1,52.0,55.0,3.68,17.28,4.84,25.0,10,34.85,67,32.39,5423,B2,24.0,50.0,1.16,0.0,0.0,0.0,49,37.68,62,29.41,4570,A1,38.0,56.0,6.27,40.24,6.75,37.5,50,21.62,14,32.35,3434,B1,57.0,56.0,4.29,22.12,2.25,0.0,36,35.38,53,30.43
20260726,13,3,4356,A2,42.0,51.0,5.28,35.82,6.02,40.98,2,35.71,19,31.88,4367,B1,40.0,53.0,4.36,17.81,4.68,5.26,52,25.76,27,14.06,5091,B1,25.0,53.0,6.38,49.06,6.24,52.94,47,19.67,42,35.38,5181,B1,28.0,52.0,5.1,28.57,4.11,11.11,13,40.0,36,52.38,4710,A2,36.0,53.0,5.6,38.02,6.11,44.44,1,38.89,66,25.0,5302,B1,23.0,52.0,3.85,20.25,2.08,8.0,22,17.65,70,30.3
20260726,13,4,4296,A2,39.0,53.0,6.45,45.0,5.33,22.22,51,18.84,47,10.94,4529,A1,37.0,55.0,5.61,37.78,5.38,38.1,14,32.84,33,29.41,4263,B1,42.0,56.0,4.52,27.47,5.2,35.0,48,35.62,37,42.86,3635,B1,55.0,52.0,4.32,24.39,4.89,28.57,19,24.07,68,15.79,5127,B1,29.0,51.0,4.67,20.99,4.44,11.11,25,42.03,28,25.0,3605,B1,54.0,53.0,3.98,16.87,4.06,21.21,7,30.77,49,39.06
20260726,13,5,4363,A2,41.0,54.0,5.52,36.36,5.2,30.0,59,17.54,12,26.15,3572,B1,54.0,54.0,4.93,26.45,5.35,31.76,5,31.82,46,40.0,4572,B1,37.0,55.0,5.46,36.19,6.67,55.56,33,27.14,59,36.36,3333,A1,58.0,53.0,6.41,47.93,6.03,43.33,41,17.24,52,30.43,5014,B1,28.0,56.0,5.07,33.33,4.28,16.0,6,23.08,54,37.88,4636,B1,36.0,53.0,3.68,18.84,2.67,8.33,35,43.48,48,44.62
20260726,13,6,5137,A2,26.0,54.0,5.2,35.29,4.6,30.0,15,37.31,21,43.48,4339,B1,42.0,54.0,3.49,11.9,4.19,25.0,34,32.43,16,21.21,3892,B1,50.0,53.0,5.15,29.17,4.88,25.0,57,33.82,15,37.68,5051,A1,31.0,56.0,6.73,48.21,8.0,76.92,9,46.48,34,37.68,5423,B2,24.0,50.0,1.16,0.0,0.0,0.0,49,37.68,62,29.41,3814,B1,50.0,50.0,5.02,28.43,4.3,18.52,58,25.86,65,38.81
20260726,13,7,4732,A2,37.0,54.0,6.64,46.55,6.21,47.37,26,43.08,75,37.68,4570,A1,38.0,56.0,6.27,40.24,6.75,37.5,50,21.62,14,32.35,3568,B1,55.0,54.0,3.95,20.62,3.56,16.67,38,27.69,17,26.47,4396,B1,40.0,55.0,4.86,25.96,4.68,26.32,32,40.3,55,30.77,5467,B2,19.0,49.0,2.61,0.0,0.0,0.0,30,29.23,13,37.14,4367,B1,40.0,53.0,4.36,17.81,4.68,5.26,52,25.76,27,14.06
20260726,13,8,4710,A2,36.0,53.0,5.6,38.02,6.11,44.44,1,38.89,66,25.0,5127,B1,29.0,51.0,4.67,20.99,4.44,11.11,25,42.03,28,25.0,3635,B1,55.0,52.0,4.32,24.39,4.89,28.57,19,24.07,68,15.79,3699,B1,53.0,52.0,4.06,20.29,4.13,25.0,62,26.47,22,36.23,5186,B1,26.0,53.0,4.71,28.75,4.43,23.81,43,16.67,61,30.88,3620,B1,52.0,55.0,3.68,17.28,4.84,25.0,10,34.85,67,32.39
20260726,13,9,3333,A1,58.0,53.0,6.41,47.93,6.03,43.33,41,17.24,52,30.43,3434,B1,57.0,56.0,4.29,22.12,2.25,0.0,36,35.38,53,30.43,5181,B1,28.0,52.0,5.1,28.57,4.11,11.11,13,40.0,36,52.38,4263,B1,42.0,56.0,4.52,27.47,5.2,35.0,48,35.62,37,42.86,4572,B1,37.0,55.0,5.46,36.19,6.67,55.56,33,27.14,59,36.36,4828,A1,31.0,50.0,7.01,51.52,5.89,33.33,12,52.11,56,45.31
20260726,13,10,4822,A2,33.0,52.0,5.85,44.35,4.78,33.33,8,32.35,43,41.27,5091,B1,25.0,53.0,6.38,49.06,6.24,52.94,47,19.67,42,35.38,4296,A2,39.0,53.0,6.45,45.0,5.33,22.22,51,18.84,47,10.94,4363,A2,41.0,54.0,5.52,36.36,5.2,30.0,59,17.54,12,26.15,5137,A2,26.0,54.0,5.2,35.29,4.6,30.0,15,37.31,21,43.48,3931,A2,50.0,51.0,5.92,39.13,5.4,33.33,44,35.21,18,35.94
20260726,13,11,5051,A1,31.0,56.0,6.73,48.21,8.0,76.92,9,46.48,34,37.68,4732,A2,37.0,54.0,6.64,46.55,6.21,47.37,26,43.08,75,37.68,3572,B1,54.0,54.0,4.93,26.45,5.35,31.76,5,31.82,46,40.0,4356,A2,42.0,51.0,5.28,35.82,6.02,40.98,2,35.71,19,31.88,4529,A1,37.0,55.0,5.61,37.78,5.38,38.1,14,32.84,33,29.41,3912,B1,52.0,52.0,5.91,42.59,4.04,15.38,61,36.92,26,44.12
20260726,13,12,4012,A2,46.0,57.0,6.12,45.92,5.6,30.0,18,40.58,35,32.86,4847,A1,32.0,52.0,7.09,49.44,4.56,11.11,53,31.34,64,33.33,3473,A1,56.0,53.0,6.27,47.58,7.94,61.11,54,41.79,74,41.79,5026,A1,30.0,56.0,6.21,46.53,7.0,42.86,4,49.28,69,20.0,4384,A1,41.0,52.0,5.86,38.38,6.08,40.54,21,13.89,72,33.82,4089,A2,45.0,55.0,6.16,41.07,6.7,50.0,23,60.29,50,21.74
20260726,12,1,3544,B1,57.0,53.0,3.57,12.77,3.91,27.27,24,50.0,14,32.86,4015,A2,46.0,57.0,6.06,39.02,5.72,36.96,26,32.88,25,27.14,5236,B1,27.0,53.0,4.32,23.42,3.14,9.09,85,35.48,76,37.31,3948,B1,50.0,52.0,3.6,12.05,4.33,20.0,17,43.84,68,30.88,4902,B1,33.0,52.0,4.75,31.31,5.58,47.37,72,33.78,38,27.78,5460,B2,19.0,54.0,1.74,0.0,0.0,0.0,68,31.34,52,29.41
20260726,12,2,5179,B1,29.0,52.0,4.2,23.91,4.95,29.55,82,34.72,65,32.31,4124,A2,44.0,52.0,6.05,39.81,6.18,51.28,38,46.48,51,32.43,4815,B1,36.0,54.0,4.23,25.0,6.35,47.06,15,30.0,80,39.68,3467,B1,57.0,52.0,3.9,12.66,3.47,26.67,27,42.25,90,32.35,4033,A2,47.0,53.0,6.09,47.41,6.9,51.61,80,50.67,78,36.07,5400,B2,23.0,52.0,2.14,4.35,1.8,0.0,69,37.31,16,29.58
20260726,12,3,5109,B1,27.0,53.0,5.08,29.17,5.39,33.33,28,21.33,84,20.0,4156,A2,45.0,57.0,5.34,29.9,4.8,20.45,39,38.57,72,30.3,4465,B1,39.0,53.0,4.69,25.0,4.21,23.53,57,47.37,57,33.82,3652,B1,52.0,57.0,3.77,14.81,2.6,0.0,71,39.39,64,28.0,3822,A1,53.0,49.0,6.18,41.9,6.49,46.81,56,32.43,81,41.94,4413,A2,40.0,51.0,5.82,36.36,6.15,48.48,59,23.61,33,39.71
20260726,12,4,5098,B1,30.0,53.0,5.28,32.32,5.3,21.21,51,42.11,61,27.4,4574,A2,37.0,52.0,5.44,34.58,4.71,20.83,67,31.88,66,28.57,4581,A1,37.0,51.0,6.38,49.59,6.5,53.57,37,31.34,88,37.29,4288,A1,41.0,53.0,7.52,60.48,6.16,48.0,35,33.78,20,31.88,5376,B1,22.0,51.0,5.0,30.53,4.29,22.22,33,33.33,87,36.36,3967,B1,46.0,58.0,4.69,30.23,5.45,36.36,53,35.62,83,34.85
20260726,12,5,4834,A2,38.0,51.0,5.57,37.59,5.07,29.82,58,30.43,31,40.3,5245,B1,24.0,52.0,5.33,34.44,5.14,33.33,25,33.78,58,32.26,5044,B1,27.0,59.0,4.3,23.38,0.0,0.0,18,27.78,75,44.83,5190,B1,25.0,51.0,4.4,21.51,0.0,0.0,70,42.67,85,38.1,5169,B2,25.0,48.0,3.89,13.89,3.38,0.0,83,28.57,15,33.33,4184,A1,40.0,52.0,7.1,53.57,5.78,38.1,34,30.43,50,37.14
20260726,12,6,5115,B1,26.0,51.0,5.62,40.48,5.53,36.11,74,28.36,29,32.84,3950,B1,50.0,55.0,4.04,22.83,0.0,0.0,20,52.0,35,32.31,4539,A1,35.0,53.0,6.57,45.9,5.43,32.14,22,35.53,19,18.84,4039,B1,47.0,56.0,5.48,41.18,4.74,28.07,81,21.88,23,30.65,3769,A2,52.0,51.0,5.62,37.93,5.27,27.42,52,36.49,21,37.5,4831,A1,31.0,56.0,7.19,51.14,7.11,37.04,61,34.33,67,36.76
20260726,12,7,3863,B1,52.0,58.0,4.51,21.11,4.86,33.33,23,27.94,70,23.53,4463,A2,40.0,55.0,6.56,50.51,5.81,38.46,64,52.24,89,28.79,5343,B1,23.0,52.0,3.78,19.28,1.88,0.0,84,34.25,22,40.98,3961,A1,47.0,56.0,6.63,46.1,4.75,25.0,29,43.42,62,28.81,3505,A2,55.0,54.0,5.33,33.33,0.0,0.0,62,28.38,54,30.88,3544,B1,57.0,53.0,3.57,12.77,3.91,27.27,24,50.0,14,32.86
20260726,12,8,3967,B1,46.0,58.0,4.69,30.23,5.45,36.36,53,35.62,83,34.85,3948,B1,50.0,52.0,3.6,12.05,4.33,20.0,17,43.84,68,30.88,4872,B1,33.0,53.0,4.34,25.64,4.71,28.57,14,28.77,77,33.9,4181,B1,42.0,54.0,3.58,11.11,4.06,18.75,55,44.0,55,38.24,4877,A1,31.0,55.0,6.05,44.14,6.24,45.45,11,43.48,27,21.74,4108,A1,46.0,51.0,6.4,48.35,5.54,42.31,73,38.16,39,27.54
20260726,12,9,4413,A2,40.0,51.0,5.82,36.36,6.15,48.48,59,23.61,33,39.71,4288,A1,41.0,53.0,7.52,60.48,6.16,48.0,35,33.78,20,31.88,4033,A2,47.0,53.0,6.09,47.41,6.9,51.61,80,50.67,78,36.07,4156,A2,45.0,57.0,5.34,29.9,4.8,20.45,39,38.57,72,30.3,4015,A2,46.0,57.0,6.06,39.02,5.72,36.96,26,32.88,25,27.14,4834,A2,38.0,51.0,5.57,37.59,5.07,29.82,58,30.43,31,40.3
20260726,12,10,5376,B1,22.0,51.0,5.0,30.53,4.29,22.22,33,33.33,87,36.36,3822,A1,53.0,49.0,6.18,41.9,6.49,46.81,56,32.43,81,41.94,4184,A1,40.0,52.0,7.1,53.57,5.78,38.1,34,30.43,50,37.14,4574,A2,37.0,52.0,5.44,34.58,4.71,20.83,67,31.88,66,28.57,4539,A1,35.0,53.0,6.57,45.9,5.43,32.14,22,35.53,19,18.84,5109,B1,27.0,53.0,5.08,29.17,5.39,33.33,28,21.33,84,20.0
20260726,12,11,4831,A1,31.0,56.0,7.19,51.14,7.11,37.04,61,34.33,67,36.76,5179,B1,29.0,52.0,4.2,23.91,4.95,29.55,82,34.72,65,32.31,5115,B1,26.0,51.0,5.62,40.48,5.53,36.11,74,28.36,29,32.84,4463,A2,40.0,55.0,6.56,50.51,5.81,38.46,64,52.24,89,28.79,3961,A1,47.0,56.0,6.63,46.1,4.75,25.0,29,43.42,62,28.81,5098,B1,30.0,53.0,5.28,32.32,5.3,21.21,51,42.11,61,27.4
20260726,12,12,4108,A1,46.0,51.0,6.4,48.35,5.54,42.31,73,38.16,39,27.54,3769,A2,52.0,51.0,5.62,37.93,5.27,27.42,52,36.49,21,37.5,4877,A1,31.0,55.0,6.05,44.14,6.24,45.45,11,43.48,27,21.74,3950,B1,50.0,55.0,4.04,22.83,0.0,0.0,20,52.0,35,32.31,4581,A1,37.0,51.0,6.38,49.59,6.5,53.57,37,31.34,88,37.29,3863,B1,52.0,58.0,4.51,21.11,4.86,33.33,23,27.94,70,23.53
20260726,08,1,3713,A1,51.0,54.0,5.73,44.79,5.65,39.81,45,30.26,44,55.56,4358,B1,41.0,50.0,4.09,29.27,4.13,31.58,29,35.79,33,20.0,3790,B1,54.0,54.0,4.76,26.42,4.23,18.18,5,36.08,63,38.1,4918,B1,37.0,52.0,4.73,27.27,5.17,26.67,17,30.94,68,14.29,4234,B1,42.0,59.0,4.92,30.67,6.0,38.71,26,34.9,59,26.32,5419,B1,20.0,52.0,2.06,0.0,2.69,0.0,6,34.66,24,36.84
20260726,08,2,4940,B2,28.0,52.0,3.66,13.79,2.71,0.0,18,28.4,16,26.32,4065,B1,46.0,44.0,5.44,40.48,5.92,50.0,53,39.89,52,33.33,5327,B2,22.0,48.0,1.7,0.0,1.19,0.0,19,35.03,78,61.9,5360,B1,19.0,48.0,3.22,8.47,0.0,0.0,60,33.67,27,33.33,4730,B1,37.0,47.0,5.42,34.12,5.29,35.29,35,45.69,61,20.0,4317,B1,42.0,48.0,4.35,27.55,3.83,16.67,55,26.59,14,45.0
20260726,08,3,5210,A2,27.0,55.0,5.63,41.67,4.22,22.22,14,49.47,39,72.73,3804,B1,52.0,54.0,4.89,29.09,3.35,13.04,31,42.86,70,5.88,4114,B1,45.0,53.0,4.93,25.0,5.56,44.44,21,35.71,31,20.0,4782,B1,39.0,54.0,4.31,17.95,6.18,42.42,39,42.08,13,11.11,4381,A2,41.0,52.0,5.25,32.99,6.14,50.0,3,45.92,38,17.65,4323,B1,39.0,58.0,5.63,44.76,0.0,0.0,7,33.88,57,50.0
20260726,08,4,4193,A2,44.0,50.0,5.85,39.84,7.35,52.17,25,28.34,41,15.0,3696,B1,54.0,52.0,4.86,26.19,5.24,28.57,40,34.07,35,45.45,3793,B1,53.0,57.0,4.09,21.59,5.5,42.86,42,40.1,58,42.86,4360,A2,41.0,53.0,5.52,31.19,3.48,13.04,56,26.16,62,35.0,5357,B2,21.0,54.0,1.61,1.43,1.45,0.0,46,29.49,46,38.89,4253,B1,43.0,56.0,4.14,17.27,4.57,22.86,12,42.55,77,16.67
20260726,08,5,3319,A2,59.0,52.0,5.61,38.18,5.24,28.0,41,31.91,73,50.0,4346,B1,41.0,56.0,4.28,29.81,3.85,19.23,36,29.35,47,41.18,4064,A1,46.0,52.0,6.45,45.83,6.5,50.0,24,33.33,64,40.91,5077,B1,29.0,52.0,3.81,14.93,3.23,7.69,49,26.95,51,22.22,4607,A2,37.0,53.0,5.89,37.9,6.35,35.0,33,26.42,20,31.58,4918,B1,37.0,52.0,4.73,27.27,5.17,26.67,17,30.94,68,14.29
20260726,08,6,4839,A2,36.0,52.0,5.81,41.41,4.64,28.57,9,43.48,54,11.11,3848,B1,49.0,55.0,4.83,34.0,5.58,33.33,52,33.7,34,46.67,4234,B1,42.0,59.0,4.92,30.67,6.0,38.71,26,34.9,59,26.32,3982,B1,48.0,57.0,3.79,18.6,5.28,38.89,57,33.7,28,22.22,3790,B1,54.0,54.0,4.76,26.42,4.23,18.18,5,36.08,63,38.1,3721,A1,50.0,53.0,6.51,41.96,7.24,60.0,23,28.57,53,47.37
20260726,08,7,5360,B1,19.0,48.0,3.22,8.47,0.0,0.0,60,33.67,27,33.33,4381,A2,41.0,52.0,5.25,32.99,6.14,50.0,3,45.92,38,17.65,4065,B1,46.0,44.0,5.44,40.48,5.92,50.0,53,39.89,52,33.33,5419,B1,20.0,52.0,2.06,0.0,2.69,0.0,6,34.66,24,36.84,3804,B1,52.0,54.0,4.89,29.09,3.35,13.04,31,42.86,70,5.88,4644,A1,47.0,52.0,6.57,48.12,6.0,40.74,10,40.63,11,31.58
20260726,08,8,5357,B2,21.0,54.0,1.61,1.43,1.45,0.0,46,29.49,46,38.89,4782,B1,39.0,54.0,4.31,17.95,6.18,42.42,39,42.08,13,11.11,4360,A2,41.0,53.0,5.52,31.19,3.48,13.04,56,26.16,62,35.0,4358,B1,41.0,50.0,4.09,29.27,4.13,31.58,29,35.79,33,20.0,3713,A1,51.0,54.0,5.73,44.79,5.65,39.81,45,30.26,44,55.56,5388,B1,19.0,53.0,3.97,17.24,0.0,0.0,51,36.56,45,6.67
20260726,08,9,4064,A1,46.0,52.0,6.45,45.83,6.5,50.0,24,33.33,64,40.91,5077,B1,29.0,52.0,3.81,14.93,3.23,7.69,49,26.95,51,22.22,4730,B1,37.0,47.0,5.42,34.12,5.29,35.29,35,45.69,61,20.0,4040,A2,47.0,59.0,5.92,42.02,6.18,58.82,58,33.16,42,18.18,3793,B1,53.0,57.0,4.09,21.59,5.5,42.86,42,40.1,58,42.86,5327,B2,22.0,48.0,1.7,0.0,1.19,0.0,19,35.03,78,61.9
20260726,08,10,4317,B1,42.0,48.0,4.35,27.55,3.83,16.67,55,26.59,14,45.0,3721,A1,50.0,53.0,6.51,41.96,7.24,60.0,23,28.57,53,47.37,5210,A2,27.0,55.0,5.63,41.67,4.22,22.22,14,49.47,39,72.73,4607,A2,37.0,53.0,5.89,37.9,6.35,35.0,33,26.42,20,31.58,3696,B1,54.0,52.0,4.86,26.19,5.24,28.57,40,34.07,35,45.45,3982,B1,48.0,57.0,3.79,18.6,5.28,38.89,57,33.7,28,22.22
20260726,08,11,4323,B1,39.0,58.0,5.63,44.76,0.0,0.0,7,33.88,57,50.0,4839,A2,36.0,52.0,5.81,41.41,4.64,28.57,9,43.48,54,11.11,4253,B1,43.0,56.0,4.14,17.27,4.57,22.86,12,42.55,77,16.67,4193,A2,44.0,50.0,5.85,39.84,7.35,52.17,25,28.34,41,15.0,3319,A2,59.0,52.0,5.61,38.18,5.24,28.0,41,31.91,73,50.0,4114,B1,45.0,53.0,4.93,25.0,5.56,44.44,21,35.71,31,20.0
20260726,08,12,4787,A1,37.0,53.0,7.55,66.38,7.5,68.18,38,28.5,76,11.76,4448,A1,39.0,53.0,7.07,54.46,6.53,53.33,59,39.47,36,6.25,4011,A2,46.0,47.0,6.16,43.81,5.64,28.0,30,42.16,32,20.0,3590,A1,52.0,56.0,6.8,43.36,7.29,41.67,48,21.05,65,25.0,4796,A1,34.0,52.0,6.38,49.58,7.5,56.25,20,31.15,26,44.44,4369,A2,40.0,57.0,5.72,37.19,6.49,45.88,16,37.04,15,11.76
20260726,06,1,3939,B2,48.0,53.0,5.36,36.36,6.3,45.45,61,40.0,11,27.1,3277,B1,59.0,52.0,4.44,21.88,3.75,8.33,44,33.87,56,35.52,4874,B1,32.0,53.0,5.14,27.84,4.8,20.0,21,25.45,46,34.07,5131,B1,27.0,51.0,4.35,20.24,3.17,16.67,41,23.73,22,35.91,3965,A1,47.0,55.0,6.04,45.16,6.17,50.0,33,21.54,74,29.28,3543,B1,57.0,55.0,4.75,30.36,5.03,27.03,59,25.86,45,40.33
20260726,06,2,4690,B2,32.0,49.0,5.19,32.26,5.71,42.86,45,39.39,16,27.84,4240,A2,42.0,45.0,5.48,35.8,5.25,31.25,25,19.64,52,25.15,3641,A1,55.0,52.0,6.28,43.33,5.68,41.94,30,21.67,13,30.29,5434,B1,21.0,51.0,3.21,10.29,2.26,0.0,64,22.41,27,30.94,4888,B1,38.0,53.0,5.05,32.94,5.4,35.71,17,45.45,75,23.46,3284,B1,58.0,53.0,5.16,29.55,6.5,50.0,56,32.39,68,37.7
20260726,06,3,5104,A2,27.0,51.0,5.56,36.11,4.8,30.0,40,33.8,37,33.15,3811,A1,50.0,54.0,6.37,50.0,6.15,44.94,16,30.43,57,35.59,3503,B1,56.0,51.0,3.69,13.68,4.44,18.75,31,30.3,50,34.81,5382,B1,21.0,52.0,2.13,2.5,0.0,0.0,48,42.86,30,39.44,5427,B1,24.0,52.0,2.78,1.12,2.11,0.0,43,16.98,51,30.77,3684,A2,52.0,54.0,5.54,37.74,5.18,34.09,63,50.0,28,29.12
20260726,06,4,4000,A2,49.0,56.0,6.07,43.36,5.11,22.22,62,48.44,59,30.6,5076,B1,30.0,53.0,5.11,33.33,4.89,31.11,9,27.69,41,31.61,4414,B1,39.0,45.0,4.15,27.16,1.56,0.0,8,29.85,26,29.24,5332,B1,22.0,51.0,3.9,21.25,3.72,19.39,11,47.14,43,30.46,3391,B2,61.0,53.0,0.0,0.0,0.0,0.0,39,20.0,48,38.67,4778,B1,40.0,51.0,5.18,32.93,4.22,22.22,51,32.88,17,39.01
20260726,06,5,5131,B1,27.0,51.0,4.35,20.24,3.17,16.67,41,23.73,22,35.91,3606,B1,54.0,52.0,5.71,42.59,5.1,35.48,26,48.05,34,34.97,4734,A1,36.0,52.0,6.8,52.76,6.78,38.89,54,26.56,14,34.27,4901,B1,33.0,46.0,5.51,30.43,0.0,0.0,12,17.86,38,27.53,3784,B1,49.0,54.0,4.86,27.66,5.07,26.67,19,36.23,25,36.46,4230,A2,43.0,55.0,7.02,56.82,6.05,42.86,35,16.0,54,27.84
20260726,06,6,5341,B1,24.0,53.0,2.91,12.0,2.13,4.35,52,36.62,65,36.87,3556,A1,53.0,54.0,6.99,52.5,6.42,47.37,27,10.42,36,22.88,4042,A2,46.0,53.0,6.63,45.6,6.22,40.74,32,36.11,49,26.44,3277,B1,59.0,52.0,4.44,21.88,3.75,8.33,44,33.87,56,35.52,4690,B2,32.0,49.0,5.19,32.26,5.71,42.86,45,39.39,16,27.84,4347,A2,41.0,46.0,6.05,40.95,6.0,25.0,6,26.32,72,32.39
20260726,06,7,5153,B1,30.0,48.0,3.97,19.32,4.67,33.33,36,27.87,55,26.92,3747,A2,51.0,51.0,5.43,37.23,4.35,23.53,13,35.71,40,26.29,3965,A1,47.0,55.0,6.04,45.16,6.17,50.0,33,21.54,74,29.28,3503,B1,56.0,51.0,3.69,13.68,4.44,18.75,31,30.3,50,34.81,3441,B1,56.0,55.0,4.61,22.64,4.88,25.0,15,28.57,64,31.67,3641,A1,55.0,52.0,6.28,43.33,5.68,41.94,30,21.67,13,30.29
20260726,06,8,4389,A2,40.0,52.0,5.77,33.33,7.22,55.56,60,16.28,18,39.08,4874,B1,32.0,53.0,5.14,27.84,4.8,20.0,21,25.45,46,34.07,3391,B2,61.0,53.0,0.0,0.0,0.0,0.0,39,20.0,48,38.67,4772,A1,33.0,56.0,6.88,53.98,5.47,26.32,49,31.82,23,31.11,5455,B2,20.0,55.0,1.42,0.0,1.17,0.0,50,24.56,63,35.56,4888,B1,38.0,53.0,5.05,32.94,5.4,35.71,17,45.45,75,23.46
20260726,06,9,4560,A2,35.0,55.0,5.78,34.02,6.44,55.56,58,28.36,20,27.44,3284,B1,58.0,53.0,5.16,29.55,6.5,50.0,56,32.39,68,37.7,4230,A2,43.0,55.0,7.02,56.82,6.05,42.86,35,16.0,54,27.84,5427,B1,24.0,52.0,2.78,1.12,2.11,0.0,43,16.98,51,30.77,4000,A2,49.0,56.0,6.07,43.36,5.11,22.22,62,48.44,59,30.6,3687,B1,56.0,53.0,5.02,29.35,0.0,0.0,2,36.21,39,26.32
20260726,06,10,3878,B1,49.0,52.0,4.48,21.95,2.8,0.0,38,41.43,21,45.0,4042,A2,46.0,53.0,6.63,45.6,6.22,40.74,32,36.11,49,26.44,5104,A2,27.0,51.0,5.56,36.11,4.8,30.0,40,33.8,37,33.15,4414,B1,39.0,45.0,4.15,27.16,1.56,0.0,8,29.85,26,29.24,5434,B1,21.0,51.0,3.21,10.29,2.26,0.0,64,22.41,27,30.94,4734,A1,36.0,52.0,6.8,52.76,6.78,38.89,54,26.56,14,34.27
20260726,06,11,4826,A1,32.0,52.0,7.13,50.89,0.0,0.0,65,12.5,31,29.55,3684,A2,52.0,54.0,5.54,37.74,5.18,34.09,63,50.0,28,29.12,4347,A2,41.0,46.0,6.05,40.95,6.0,25.0,6,26.32,72,32.39,5076,B1,30.0,53.0,5.11,33.33,4.89,31.11,9,27.69,41,31.61,3939,B2,48.0,53.0,5.36,36.36,6.3,45.45,61,40.0,11,27.1,4901,B1,33.0,46.0,5.51,30.43,0.0,0.0,12,17.86,38,27.53
20260726,06,12,4772,A1,33.0,56.0,6.88,53.98,5.47,26.32,49,31.82,23,31.11,3543,B1,57.0,55.0,4.75,30.36,5.03,27.03,59,25.86,45,40.33,3556,A1,53.0,54.0,6.99,52.5,6.42,47.37,27,10.42,36,22.88,3606,B1,54.0,52.0,5.71,42.59,5.1,35.48,26,48.05,34,34.97,4240,A2,42.0,45.0,5.48,35.8,5.25,31.25,25,19.64,52,25.15,3747,A2,51.0,51.0,5.43,37.23,4.35,23.53,13,35.71,40,26.29
20260726,04,1,5287,B1,26.0,47.0,3.53,11.69,2.88,12.5,45,18.18,73,36.0,5317,B1,25.0,46.0,4.86,24.32,4.64,9.09,20,16.0,62,30.77,4627,A2,40.0,49.0,6.53,51.61,6.39,50.0,33,40.0,71,37.5,5436,B2,21.0,47.0,1.28,0.0,1.27,0.0,15,39.13,40,19.05,5347,B2,22.0,46.0,1.58,0.0,1.46,0.0,48,33.33,67,43.48,5194,B1,24.0,43.0,4.22,25.61,3.57,16.22,71,22.73,50,18.18
20260726,04,2,4464,A1,40.0,43.0,6.12,41.07,4.9,34.48,65,28.0,59,27.27,5314,B1,25.0,52.0,3.42,12.99,1.73,3.03,56,26.32,37,45.83,4244,B2,39.0,44.0,4.03,28.57,5.19,33.33,25,26.09,38,60.87,5389,B1,19.0,41.0,2.24,0.0,0.0,0.0,66,29.17,66,18.18,4714,B1,35.0,48.0,5.03,25.58,5.41,45.45,63,27.27,54,30.43,5380,B2,21.0,51.0,1.24,0.0,1.17,0.0,35,23.81,17,40.0
20260726,04,3,5165,B1,26.0,47.0,3.76,16.85,5.25,25.0,11,44.83,75,31.82,4225,A2,44.0,45.0,6.4,45.33,6.64,55.56,19,48.0,58,13.64,4689,B1,33.0,54.0,5.15,31.91,5.93,41.38,52,40.0,10,32.26,5361,B1,19.0,49.0,2.53,2.94,1.96,1.96,54,27.27,49,13.64,5322,B1,24.0,44.0,2.99,10.87,1.76,0.0,43,50.0,65,40.91,4825,A1,32.0,47.0,6.79,47.93,5.84,44.9,50,47.83,57,36.36
20260726,04,4,5297,B1,24.0,50.0,3.64,17.0,1.33,0.0,28,27.27,41,27.27,5231,B1,22.0,44.0,6.48,46.84,4.0,18.75,55,32.0,18,29.41,4680,A2,36.0,45.0,5.37,33.64,5.56,40.0,61,48.28,48,9.52,5174,B2,24.0,46.0,5.37,28.05,6.41,47.06,47,40.91,19,33.33,5324,B1,23.0,49.0,2.36,1.69,0.0,0.0,68,41.38,44,47.83,4117,A2,45.0,45.0,5.96,46.09,5.92,36.36,58,48.0,43,37.5
20260726,04,5,4569,B1,38.0,47.0,4.88,31.86,5.2,33.33,36,42.86,72,27.27,4765,B1,36.0,51.0,4.5,24.32,4.36,18.18,38,50.0,39,45.83,4845,A1,33.0,47.0,7.48,64.2,6.23,61.54,22,23.81,12,28.57,5251,B2,23.0,51.0,2.12,0.0,1.76,0.0,51,38.1,15,33.33,5326,B1,22.0,47.0,5.19,32.31,1.29,0.0,73,39.13,51,42.31,4893,B1,35.0,47.0,4.97,29.35,4.93,29.55,31,30.43,46,31.82
20260726,04,6,4746,B1,31.0,48.0,5.42,32.05,6.23,48.39,30,50.0,11,16.67,4627,A2,40.0,49.0,6.53,51.61,6.39,50.0,33,40.0,71,37.5,5362,B2,19.0,50.0,2.53,4.94,1.64,0.0,27,51.85,47,18.18,4891,B1,36.0,47.0,5.0,26.92,4.26,21.05,67,22.73,63,39.13,5389,B1,19.0,41.0,2.24,0.0,0.0,0.0,66,29.17,66,18.18,4208,A1,43.0,46.0,7.05,55.88,7.45,60.0,74,15.38,55,32.0
20260726,04,7,5241,B1,26.0,48.0,5.11,29.25,5.08,32.0,40,56.52,60,40.91,4123,A1,44.0,47.0,6.57,48.94,5.75,42.86,60,50.0,53,36.36,4225,A2,44.0,45.0,6.4,45.33,6.64,55.56,19,48.0,58,13.64,5380,B2,21.0,51.0,1.24,0.0,1.17,0.0,35,23.81,17,40.0,5194,B1,24.0,43.0,4.22,25.61,3.57,16.22,71,22.73,50,18.18,4853,B1,31.0,45.0,4.69,22.5,4.75,25.0,37,33.33,74,39.13
20260726,04,8,4680,A2,36.0,45.0,5.37,33.64,5.56,40.0,61,48.28,48,9.52,5265,B1,26.0,46.0,3.69,13.83,3.37,21.05,32,22.73,56,23.53,5347,B2,22.0,46.0,1.58,0.0,1.46,0.0,48,33.33,67,43.48,4961,A1,30.0,47.0,6.37,41.59,0.0,0.0,14,21.74,52,39.13,4689,B1,33.0,54.0,5.15,31.91,5.93,41.38,52,40.0,10,32.26,5203,B1,22.0,42.0,5.54,33.33,3.57,9.52,75,20.83,16,40.74
20260726,04,9,4765,B1,36.0,51.0,4.5,24.32,4.36,18.18,38,50.0,39,45.83,4825,A1,32.0,47.0,6.79,47.93,5.84,44.9,50,47.83,57,36.36,5324,B1,23.0,49.0,2.36,1.69,0.0,0.0,68,41.38,44,47.83,4190,B2,45.0,49.0,6.85,46.81,5.22,27.78,12,61.29,70,40.91,4244,B2,39.0,44.0,4.03,28.57,5.19,33.33,25,26.09,38,60.87,5436,B2,21.0,47.0,1.28,0.0,1.27,0.0,15,39.13,40,19.05
20260726,04,10,5231,B1,22.0,44.0,6.48,46.84,4.0,18.75,55,32.0,18,29.41,5361,B1,19.0,49.0,2.53,2.94,1.96,1.96,54,27.27,49,13.64,4714,B1,35.0,48.0,5.03,25.58,5.41,45.45,63,27.27,54,30.43,4878,B1,31.0,47.0,4.61,23.0,5.32,36.84,17,40.0,14,35.71,4845,A1,33.0,47.0,7.48,64.2,6.23,61.54,22,23.81,12,28.57,4443,B1,39.0,51.0,5.61,37.98,4.71,28.57,21,29.17,69,41.67
20260726,04,11,5174,B2,24.0,46.0,5.37,28.05,6.41,47.06,47,40.91,19,33.33,4746,B1,31.0,48.0,5.42,32.05,6.23,48.39,30,50.0,11,16.67,5326,B1,22.0,47.0,5.19,32.31,1.29,0.0,73,39.13,51,42.31,4464,A1,40.0,43.0,6.12,41.07,4.9,34.48,65,28.0,59,27.27,5165,B1,26.0,47.0,3.76,16.85,5.25,25.0,11,44.83,75,31.82,4546,B1,38.0,46.0,7.03,54.95,6.42,46.15,18,31.82,68,30.43
20260726,04,12,4961,A1,30.0,47.0,6.37,41.59,0.0,0.0,14,21.74,52,39.13,4208,A1,43.0,46.0,7.05,55.88,7.45,60.0,74,15.38,55,32.0,4123,A1,44.0,47.0,6.57,48.94,5.75,42.86,60,50.0,53,36.36,4117,A2,45.0,45.0,5.96,46.09,5.92,36.36,58,48.0,43,37.5,4286,A2,42.0,48.0,6.02,42.65,5.39,34.15,29,54.17,61,30.43,4419,A2,38.0,46.0,5.77,38.04,5.53,42.11,23,39.13,45,40.91
20260726,03,1,4575,A2,37.0,52.0,6.28,44.66,6.74,49.23,57,46.15,54,19.51,4204,B1,43.0,52.0,5.02,30.43,6.59,54.55,69,40.0,15,25.64,4656,A2,39.0,56.0,5.2,33.7,6.18,38.46,67,18.42,14,27.27,4564,B1,38.0,53.0,4.64,23.81,4.96,34.78,59,31.82,37,33.33,3771,B1,52.0,51.0,5.47,33.0,5.31,32.76,19,21.62,34,33.33,3880,B1,53.0,58.0,4.76,22.62,4.71,25.42,54,32.56,31,24.32
20260726,03,2,4395,B1,40.0,54.0,5.54,37.86,5.89,42.11,70,20.51,66,35.56,5038,A2,28.0,51.0,6.27,47.06,6.42,46.27,16,33.33,25,20.59,4270,B1,44.0,57.0,4.95,28.57,3.38,12.5,63,32.56,60,46.34,4335,A1,42.0,53.0,7.18,54.13,6.92,50.0,71,33.33,27,50.0,3527,B1,55.0,52.0,5.25,31.25,5.59,35.9,18,27.03,65,18.42,4474,B1,38.0,58.0,5.64,40.21,6.13,46.15,58,26.83,30,33.33
20260726,03,3,4374,B1,42.0,52.0,4.71,30.43,4.96,17.86,26,27.5,38,28.13,5240,B1,26.0,54.0,5.02,34.57,4.82,35.71,41,36.84,46,37.21,4251,B1,43.0,52.0,4.55,22.55,4.95,32.43,28,32.43,53,45.95,3740,A1,52.0,53.0,6.16,41.91,7.24,57.14,64,52.5,57,24.32,4840,B1,34.0,52.0,5.03,32.73,4.2,10.0,50,18.42,23,13.51,3813,A1,50.0,54.0,6.74,49.14,6.87,51.85,61,29.73,28,36.84
20260726,03,4,4432,B1,40.0,56.0,5.43,31.91,5.94,38.27,40,8.82,33,41.67,4472,A1,39.0,57.0,6.19,40.32,6.1,34.15,68,36.36,48,18.6,5083,B1,27.0,54.0,4.61,28.0,3.7,15.0,53,38.89,43,41.46,4345,A2,41.0,56.0,5.68,42.59,5.35,35.29,36,47.5,52,32.56,5107,B1,27.0,50.0,4.26,18.52,3.67,16.67,21,26.83,59,33.33,5047,B1,32.0,53.0,5.73,34.02,5.85,42.05,20,36.84,18,18.42
20260726,03,5,4082,B1,46.0,51.0,5.91,43.59,5.9,42.86,56,47.62,41,46.34,4957,B1,31.0,57.0,5.55,34.78,6.26,54.29,52,38.1,20,15.38,4564,B1,38.0,53.0,4.64,23.81,4.96,34.78,59,31.82,37,33.33,4269,A2,40.0,53.0,6.74,51.89,7.42,58.14,65,39.02,47,35.71,4688,A1,33.0,53.0,7.1,56.56,6.8,50.53,24,27.03,71,35.29,4401,A2,41.0,54.0,5.51,38.46,6.01,38.37,27,31.43,67,40.54
20260726,03,6,5311,B1,28.0,52.0,5.25,32.14,3.74,15.79,22,35.0,51,23.68,4907,A1,31.0,53.0,7.21,53.72,8.16,63.16,62,46.67,49,34.09,4227,A2,43.0,53.0,6.18,35.9,6.83,47.83,47,16.67,22,18.92,4204,B1,43.0,52.0,5.02,30.43,6.59,54.55,69,40.0,15,25.64,4474,B1,38.0,58.0,5.64,40.21,6.13,46.15,58,26.83,30,33.33,5096,A2,31.0,52.0,6.12,34.91,6.29,44.62,48,20.51,24,27.78
20260726,03,7,4430,A2,40.0,56.0,5.89,36.07,6.23,43.18,14,11.43,50,30.95,3880,B1,53.0,58.0,4.76,22.62,4.71,25.42,54,32.56,31,24.32,3796,B1,53.0,55.0,4.66,29.41,6.0,48.98,55,28.95,70,16.67,4614,A1,46.0,53.0,6.91,52.25,5.59,29.73,31,32.5,12,26.47,3964,B1,47.0,54.0,4.1,16.48,4.37,15.79,39,27.03,62,34.38,3527,B1,55.0,52.0,5.25,31.25,5.59,35.9,18,27.03,65,18.42
20260726,03,8,5207,B1,28.0,53.0,5.37,38.95,0.0,0.0,38,30.56,35,38.1,5083,B1,27.0,54.0,4.61,28.0,3.7,15.0,53,38.89,43,41.46,3946,A1,50.0,58.0,7.07,50.45,6.9,40.0,45,30.23,64,46.34,3771,B1,52.0,51.0,5.47,33.0,5.31,32.76,19,21.62,34,33.33,4270,B1,44.0,57.0,4.95,28.57,3.38,12.5,63,32.56,60,46.34,4645,A1,46.0,53.0,6.44,44.35,6.32,43.4,35,38.89,63,30.95
20260726,03,9,4656,A2,39.0,56.0,5.2,33.7,6.18,38.46,67,18.42,14,27.27,5047,B1,32.0,53.0,5.73,34.02,5.85,42.05,20,36.84,18,18.42,4957,B1,31.0,57.0,5.55,34.78,6.26,54.29,52,38.1,20,15.38,3813,A1,50.0,54.0,6.74,49.14,6.87,51.85,61,29.73,28,36.84,4395,B1,40.0,54.0,5.54,37.86,5.89,42.11,70,20.51,66,35.56,4711,A2,36.0,52.0,6.12,43.14,5.67,44.44,30,51.16,29,40.0
20260726,03,10,3740,A1,52.0,53.0,6.16,41.91,7.24,57.14,64,52.5,57,24.32,5107,B1,27.0,50.0,4.26,18.52,3.67,16.67,21,26.83,59,33.33,4082,B1,46.0,51.0,5.91,43.59,5.9,42.86,56,47.62,41,46.34,4067,A2,46.0,54.0,6.27,44.44,6.81,57.81,37,41.46,10,46.34,4575,A2,37.0,52.0,6.28,44.66,6.74,49.23,57,46.15,54,19.51,4907,A1,31.0,53.0,7.21,53.72,8.16,63.16,62,46.67,49,34.09
20260726,03,11,4958,A1,31.0,55.0,6.34,42.54,6.82,50.0,46,52.27,61,43.18,5095,A2,32.0,52.0,6.4,42.71,6.24,47.32,43,28.95,56,32.56,4335,A1,42.0,53.0,7.18,54.13,6.92,50.0,71,33.33,27,50.0,4840,B1,34.0,52.0,5.03,32.73,4.2,10.0,50,18.42,23,13.51,3796,B1,53.0,55.0,4.66,29.41,6.0,48.98,55,28.95,70,16.67,4269,A2,40.0,53.0,6.74,51.89,7.42,58.14,65,39.02,47,35.71
20260726,03,12,4297,A1,43.0,52.0,6.3,44.74,6.25,44.58,29,26.19,11,20.0,5036,B1,28.0,53.0,5.26,34.29,5.11,30.43,49,46.51,19,38.1,5311,B1,28.0,52.0,5.25,32.14,3.74,15.79,22,35.0,51,23.68,4472,A1,39.0,57.0,6.19,40.32,6.1,34.15,68,36.36,48,18.6,4430,A2,40.0,56.0,5.89,36.07,6.23,43.18,14,11.43,50,30.95,5038,A2,28.0,51.0,6.27,47.06,6.42,46.27,16,33.33,25,20.59
20260726,02,1,4533,B1,37.0,51.0,4.45,18.97,5.71,42.86,20,30.77,47,37.21,3538,B2,58.0,53.0,4.14,16.07,5.31,33.33,10,34.55,20,32.23,5138,B1,26.0,54.0,3.83,13.85,3.9,10.0,25,34.04,68,35.55,3812,B1,50.0,52.0,3.99,12.5,4.52,14.29,41,32.29,30,34.93,4651,B1,41.0,52.0,3.73,11.9,4.0,17.95,9,40.43,54,30.48,5152,B1,30.0,50.0,3.53,9.72,2.33,8.33,11,40.45,33,34.58
20260726,02,2,4054,B1,48.0,54.0,4.63,27.37,4.83,30.43,30,30.11,32,31.28,4910,A1,30.0,52.0,6.94,57.94,6.46,30.77,61,39.19,67,29.95,5033,B1,28.0,56.0,4.35,27.16,4.38,25.0,17,30.99,41,33.64,5433,B2,21.0,51.0,1.92,2.78,2.13,12.5,4,46.44,16,37.61,3377,B1,58.0,54.0,4.54,23.6,4.61,32.26,54,35.56,49,41.71,4122,A2,44.0,55.0,5.58,36.64,6.2,45.0,2,45.74,75,40.0
20260726,02,3,5325,B1,23.0,52.0,5.77,38.24,5.6,40.0,38,34.91,22,36.32,5209,B1,28.0,55.0,3.61,9.09,3.75,12.5,3,32.55,59,43.19,3983,A1,48.0,52.0,6.97,50.41,6.87,53.85,42,31.6,40,32.0,4043,A2,46.0,54.0,5.74,40.37,6.35,45.16,29,38.39,53,34.83,4740,B1,34.0,53.0,4.51,21.51,5.0,34.78,63,42.15,11,31.61,4172,A2,43.0,51.0,6.15,43.28,5.57,42.86,53,36.82,77,32.23
20260726,02,4,5178,B1,30.0,54.0,4.18,19.27,4.06,22.86,8,34.62,35,29.21,3647,B1,53.0,49.0,3.34,11.88,4.46,16.46,14,33.8,12,32.51,3743,A1,51.0,52.0,5.07,36.61,6.86,42.86,37,40.43,69,33.18,3202,B1,61.0,53.0,4.37,25.51,4.24,21.62,23,32.87,63,34.8,3502,A2,57.0,53.0,5.98,41.24,3.88,18.75,6,35.14,17,38.0,4911,A2,30.0,52.0,4.91,24.72,4.4,30.0,24,39.38,62,31.82
20260726,02,5,3963,A2,47.0,53.0,5.77,35.96,5.3,35.0,22,29.56,21,35.58,5007,B1,29.0,53.0,4.71,23.08,4.46,16.22,51,30.41,57,34.27,5385,B1,21.0,56.0,2.56,5.19,1.79,0.0,5,35.4,73,32.65,4702,A1,39.0,52.0,6.16,48.15,5.7,40.0,50,34.51,46,31.43,3455,B1,55.0,51.0,4.92,31.03,5.58,41.67,31,35.65,76,34.29,4651,B1,41.0,52.0,3.73,11.9,4.0,17.95,9,40.43,54,30.48
20260726,02,6,5170,B1,25.0,51.0,5.16,28.57,2.38,0.0,62,34.16,18,29.14,4258,B1,42.0,51.0,4.88,33.33,4.99,29.63,43,34.87,52,37.26,4533,B1,37.0,51.0,4.45,18.97,5.71,42.86,20,30.77,47,37.21,5432,B1,21.0,52.0,2.83,6.41,1.33,0.0,18,31.07,37,34.91,3715,A2,51.0,54.0,5.6,36.36,3.83,16.67,58,35.44,36,34.76,4058,A1,47.0,51.0,5.99,42.86,3.75,20.0,40,34.56,29,40.09
20260726,02,7,4704,A1,38.0,51.0,6.58,47.89,6.2,30.0,21,34.76,74,30.41,4231,B1,43.0,56.0,5.44,32.84,5.56,33.33,7,30.59,27,38.76,3812,B1,50.0,52.0,3.99,12.5,4.52,14.29,41,32.29,30,34.93,3419,B2,56.0,56.0,2.27,0.0,4.06,27.78,12,41.48,58,34.5,5433,B2,21.0,51.0,1.92,2.78,2.13,12.5,4,46.44,16,37.61,4740,B1,34.0,53.0,4.51,21.51,5.0,34.78,63,42.15,11,31.61
20260726,02,8,3377,B1,58.0,54.0,4.54,23.6,4.61,32.26,54,35.56,49,41.71,5138,B1,26.0,54.0,3.83,13.85,3.9,10.0,25,34.04,68,35.55,4095,A1,45.0,52.0,6.85,54.87,7.44,61.54,13,33.19,70,37.5,5273,B1,24.0,52.0,3.83,17.92,5.13,25.0,27,29.58,44,32.69,5325,B1,23.0,52.0,5.77,38.24,5.6,40.0,38,34.91,22,36.32,3502,A2,57.0,53.0,5.98,41.24,3.88,18.75,6,35.14,17,38.0
20260726,02,9,5031,B1,28.0,54.0,4.87,29.21,5.29,35.71,55,40.79,14,34.45,4122,A2,44.0,55.0,5.58,36.64,6.2,45.0,2,45.74,75,40.0,3202,B1,61.0,53.0,4.37,25.51,4.24,21.62,23,32.87,63,34.8,3630,B1,56.0,55.0,3.97,18.57,3.95,18.18,64,34.67,19,33.82,4702,A1,39.0,52.0,6.16,48.15,5.7,40.0,50,34.51,46,31.43,4055,A2,48.0,52.0,6.62,49.65,6.12,42.31,26,37.12,56,42.57
20260726,02,10,5007,B1,29.0,53.0,4.71,23.08,4.46,16.22,51,30.41,57,34.27,4043,A2,46.0,54.0,5.74,40.37,6.35,45.16,29,38.39,53,34.83,4058,A1,47.0,51.0,5.99,42.86,3.75,20.0,40,34.56,29,40.09,3647,B1,53.0,49.0,3.34,11.88,4.46,16.46,14,33.8,12,32.51,4910,A1,30.0,52.0,6.94,57.94,6.46,30.77,61,39.19,67,29.95,3745,B1,51.0,53.0,5.18,28.42,5.47,41.18,49,38.86,42,37.91
20260726,02,11,3715,A2,51.0,54.0,5.6,36.36,3.83,16.67,58,35.44,36,34.76,3983,A1,48.0,52.0,6.97,50.41,6.87,53.85,42,31.6,40,32.0,4231,B1,43.0,56.0,5.44,32.84,5.56,33.33,7,30.59,27,38.76,5033,B1,28.0,56.0,4.35,27.16,4.38,25.0,17,30.99,41,33.64,3963,A2,47.0,53.0,5.77,35.96,5.3,35.0,22,29.56,21,35.58,3743,A1,51.0,52.0,5.07,36.61,6.86,42.86,37,40.43,69,33.18
20260726,02,12,4095,A1,45.0,52.0,6.85,54.87,7.44,61.54,13,33.19,70,37.5,4911,A2,30.0,52.0,4.91,24.72,4.4,30.0,24,39.38,62,31.82,5209,B1,28.0,55.0,3.61,9.09,3.75,12.5,3,32.55,59,43.19,3538,B2,58.0,53.0,4.14,16.07,5.31,33.33,10,34.55,20,32.23,4704,A1,38.0,51.0,6.58,47.89,6.2,30.0,21,34.76,74,30.41,4824,A2,33.0,52.0,5.57,36.44,5.88,50.0,36,32.37,15,32.86
20260726,01,1,4952,B1,32.0,52.0,4.49,22.22,0.0,0.0,40,34.36,56,43.42,3642,B1,55.0,52.0,4.24,16.0,3.79,21.43,46,39.13,14,40.94,5312,B1,25.0,55.0,3.78,14.14,6.11,44.44,41,33.56,21,32.0,4452,A2,38.0,54.0,5.02,31.97,4.33,26.67,55,22.61,43,27.45,4203,B1,43.0,52.0,4.19,22.22,4.66,29.01,34,38.42,54,38.16,5411,B2,20.0,56.0,1.89,1.33,1.81,0.0,47,29.68,65,22.15
20260726,01,2,4724,B1,40.0,54.0,3.27,6.25,3.73,0.0,22,26.42,53,28.95,3381,B1,57.0,55.0,4.91,30.61,5.71,44.9,48,31.9,74,33.56,4458,B1,40.0,54.0,5.34,31.11,5.9,45.16,54,21.21,66,34.93,4949,A2,33.0,49.0,5.86,35.64,6.58,42.11,65,36.02,51,34.67,5126,A1,29.0,52.0,6.97,52.99,5.06,22.22,64,31.82,70,28.67,5053,B1,30.0,55.0,3.51,15.87,5.41,47.06,72,32.45,44,42.11
20260726,01,3,5086,B1,27.0,53.0,3.84,19.4,0.0,0.0,70,35.95,47,33.55,3659,A2,51.0,57.0,5.67,34.72,5.9,42.26,62,41.56,49,25.85,4948,B1,33.0,52.0,5.56,39.6,5.44,40.74,52,26.26,42,30.92,4864,B1,36.0,52.0,4.6,23.38,0.0,0.0,51,29.69,15,43.24,4551,A2,37.0,55.0,5.74,41.67,5.89,33.33,11,31.33,52,41.33,3737,A1,52.0,53.0,6.9,48.7,7.0,44.44,67,30.83,29,29.61
20260726,01,4,5351,B1,21.0,53.0,4.99,35.92,3.33,11.11,42,26.12,72,31.94,3889,B1,51.0,58.0,3.7,17.72,4.4,22.31,63,22.32,13,25.83,4601,A1,41.0,55.0,6.6,52.89,7.2,65.0,26,30.52,59,36.24,3977,B1,49.0,53.0,4.38,19.05,5.08,26.92,31,38.56,67,30.46,5378,B2,22.0,50.0,1.7,1.32,1.71,4.17,19,24.51,58,30.67,3717,A2,51.0,55.0,5.53,31.52,0.0,0.0,44,28.36,75,30.46
20260726,01,5,3499,A1,57.0,51.0,5.64,36.36,3.62,15.38,60,44.68,19,35.57,4649,B1,42.0,52.0,5.42,38.58,5.1,34.48,53,34.27,26,28.19,4643,A2,33.0,52.0,6.83,52.63,6.95,57.89,17,31.76,45,43.42,4863,B1,37.0,55.0,4.68,20.97,4.65,29.73,75,29.93,73,38.16,5375,B1,22.0,54.0,2.76,5.95,0.0,0.0,36,31.82,12,28.95,4397,A1,39.0,53.0,7.28,56.2,7.1,58.62,33,36.91,71,33.12
20260726,01,6,4073,A1,45.0,52.0,6.69,56.67,5.68,44.74,13,26.67,30,30.72,4410,B1,40.0,52.0,4.43,21.7,4.74,26.32,50,32.05,63,20.14,4632,B1,37.0,51.0,5.02,30.77,4.44,25.0,23,23.4,64,29.61,5053,B1,30.0,55.0,3.51,15.87,5.41,47.06,72,32.45,44,42.11,5411,B2,20.0,56.0,1.89,1.33,1.81,0.0,47,29.68,65,22.15,3797,B1,53.0,61.0,3.72,14.55,4.44,26.47,24,37.13,34,36.91
20260726,01,7,4743,A1,33.0,55.0,6.22,38.13,6.1,40.48,49,35.22,32,27.78,3664,B1,56.0,56.0,4.76,31.25,4.41,33.33,58,20.95,36,34.21,4588,A2,35.0,56.0,5.37,38.26,5.89,33.33,37,32.03,41,32.89,4952,B1,32.0,52.0,4.49,22.22,0.0,0.0,40,34.36,56,43.42,5301,B1,23.0,51.0,5.47,34.78,3.41,10.75,68,22.22,60,39.35,3642,B1,55.0,52.0,4.24,16.0,3.79,21.43,46,39.13,14,40.94
20260726,01,8,4318,A2,41.0,52.0,5.22,26.53,6.0,41.94,16,23.33,37,36.42,4106,B1,46.0,52.0,3.8,21.62,2.89,11.11,57,33.56,55,30.28,5086,B1,27.0,53.0,3.84,19.4,0.0,0.0,70,35.95,47,33.55,5371,B2,23.0,53.0,1.72,1.32,1.5,0.0,73,48.78,39,33.12,4241,A2,41.0,54.0,5.72,33.04,5.15,40.0,25,24.04,11,29.14,5312,B1,25.0,55.0,3.78,14.14,6.11,44.44,41,33.56,21,32.0
20260726,01,9,3717,A2,51.0,55.0,5.53,31.52,0.0,0.0,44,28.36,75,30.46,5126,A1,29.0,52.0,6.97,52.99,5.06,22.22,64,31.82,70,28.67,3381,B1,57.0,55.0,4.91,30.61,5.71,44.9,48,31.9,74,33.56,4601,A1,41.0,55.0,6.6,52.89,7.2,65.0,26,30.52,59,36.24,3659,A2,51.0,57.0,5.67,34.72,5.9,42.26,62,41.56,49,25.85,3499,A1,57.0,51.0,5.64,36.36,3.62,15.38,60,44.68,19,35.57
20260726,01,10,3737,A1,52.0,53.0,6.9,48.7,7.0,44.44,67,30.83,29,29.61,4073,A1,45.0,52.0,6.69,56.67,5.68,44.74,13,26.67,30,30.72,4949,A2,33.0,49.0,5.86,35.64,6.58,42.11,65,36.02,51,34.67,4948,B1,33.0,52.0,5.56,39.6,5.44,40.74,52,26.26,42,30.92,5351,B1,21.0,53.0,4.99,35.92,3.33,11.11,42,26.12,72,31.94,4649,B1,42.0,52.0,5.42,38.58,5.1,34.48,53,34.27,26,28.19
20260726,01,11,4397,A1,39.0,53.0,7.28,56.2,7.1,58.62,33,36.91,71,33.12,4551,A2,37.0,55.0,5.74,41.67,5.89,33.33,11,31.33,52,41.33,4743,A1,33.0,55.0,6.22,38.13,6.1,40.48,49,35.22,32,27.78,4643,A2,33.0,52.0,6.83,52.63,6.95,57.89,17,31.76,45,43.42,4458,B1,40.0,54.0,5.34,31.11,5.9,45.16,54,21.21,66,34.93,3889,B1,51.0,58.0,3.7,17.72,4.4,22.31,63,22.32,13,25.83
20260726,01,12,4864,B1,36.0,52.0,4.6,23.38,0.0,0.0,51,29.69,15,43.24,4863,B1,37.0,55.0,4.68,20.97,4.65,29.73,75,29.93,73,38.16,5301,B1,23.0,51.0,5.47,34.78,3.41,10.75,68,22.22,60,39.35,4632,B1,37.0,51.0,5.02,30.77,4.44,25.0,23,23.4,64,29.61,4318,A2,41.0,52.0,5.22,26.53,6.0,41.94,16,23.33,37,36.42,5378,B2,22.0,50.0,1.7,1.32,1.71,4.17,19,24.51,58,30.67
