date,jcd,r,favorite_boat,challenger_boat,favorite_top1_ticket,favorite_top1_prob,favorite_top2_ticket,favorite_top2_prob,favorite_top3_ticket,favorite_top3_prob,favorite_top4_ticket,favorite_top4_prob,favorite_top5_ticket,favorite_top5_prob,challenger_top1_ticket,challenger_top1_prob,challenger_top2_ticket,challenger_top2_prob,challenger_top3_ticket,challenger_top3_prob
20260820,24,1,3,2,3-2-5,0.034373,3-1-5,0.032804,3-5-2,0.028615,3-5-4,0.025536,3-5-1,0.022564,2-3-5,0.036726,2-5-3,0.030961,2-1-5,0.029341
20260820,24,2,3,1,3-4-6,0.032902,3-6-4,0.029923,3-1-6,0.023489,3-2-6,0.022677,3-6-2,0.020849,1-3-6,0.021068,1-2-6,0.017326,1-2-3,0.016944
20260820,24,3,1,4,1-4-6,0.04687,1-6-4,0.031836,1-2-6,0.029313,1-4-2,0.026498,1-2-4,0.024418,4-1-6,0.027512,4-6-1,0.018906,4-6-5,0.017391
20260820,24,4,3,1,3-1-6,0.030732,3-1-5,0.023938,3-2-6,0.023407,3-6-5,0.020836,3-5-6,0.0208,1-3-6,0.035981,1-3-2,0.027416,1-2-3,0.026637
20260820,24,5,1,4,1-4-3,0.125,1-3-4,0.084108,1-4-2,0.054156,1-4-5,0.042861,1-2-4,0.039081,4-1-3,0.089143,4-3-1,0.051416,4-1-5,0.038968
20260820,24,6,1,3,1-3-2,0.134954,1-3-5,0.113541,1-2-3,0.090539,1-2-5,0.037422,1-3-4,0.037057,3-1-5,0.073957,3-1-2,0.057262,3-2-1,0.025727
20260820,24,7,1,3,1-3-6,0.107704,1-2-3,0.092046,1-3-2,0.089816,1-2-6,0.081066,1-3-5,0.072388,3-1-6,0.011874,3-1-5,0.009747,3-1-2,0.007041
20260820,24,8,1,2,1-2-3,0.102501,1-2-4,0.070332,1-2-5,0.067807,1-3-2,0.053558,1-2-6,0.043531,2-1-5,0.051976,2-1-3,0.051476,2-1-4,0.047106
20260820,24,9,1,5,1-3-5,0.055692,1-3-6,0.053603,1-5-6,0.051401,1-6-5,0.036162,1-5-3,0.032599,5-1-6,0.018816,5-1-3,0.010607,5-6-1,0.009886
20260820,24,10,1,2,1-2-6,0.140705,1-2-3,0.131186,1-3-2,0.081744,1-3-6,0.069144,1-6-2,0.050102,2-1-6,0.036986,2-1-3,0.02767,2-3-1,0.011354
20260820,24,11,1,2,1-2-4,0.068085,1-2-3,0.064187,1-2-5,0.060536,1-2-6,0.056467,1-3-4,0.05109,2-1-4,0.013185,2-1-5,0.011831,2-1-6,0.01042
20260820,24,12,1,4,1-2-3,0.08825,1-3-4,0.0733,1-2-4,0.066715,1-4-3,0.061917,1-3-5,0.054881,4-1-5,0.007194,4-1-3,0.006778,4-1-6,0.005948
20260820,23,1,1,3,1-3-2,0.176193,1-2-3,0.173634,1-3-4,0.074617,1-3-5,0.061601,1-2-4,0.057628,3-1-2,0.014693,3-1-5,0.007992,3-1-4,0.007639
20260820,23,2,1,2,1-2-3,0.158102,1-3-2,0.084052,1-2-4,0.06618,1-2-5,0.065891,1-2-6,0.060496,2-1-3,0.042058,2-1-4,0.022819,2-1-5,0.022037
20260820,23,3,1,4,1-4-3,0.127073,1-3-4,0.103295,1-4-5,0.07655,1-4-2,0.072873,1-2-4,0.040673,4-1-3,0.044373,4-1-5,0.037883,4-1-2,0.020558
20260820,23,4,1,2,1-2-4,0.102022,1-4-2,0.064034,1-2-6,0.049872,1-2-3,0.04497,1-4-6,0.030248,2-1-4,0.069613,2-4-1,0.042853,2-1-6,0.036168
20260820,23,5,1,2,1-2-5,0.075743,1-2-3,0.075159,1-3-2,0.051904,1-2-6,0.045181,1-2-4,0.039479,2-1-5,0.046586,2-1-3,0.033944,2-1-6,0.028189
20260820,23,6,1,4,1-3-4,0.122714,1-4-3,0.103203,1-4-2,0.055886,1-3-2,0.052809,1-4-5,0.052062,4-1-3,0.034971,4-1-5,0.024218,4-3-1,0.01785
20260820,23,7,1,3,1-3-4,0.106551,1-3-2,0.103365,1-3-6,0.101322,1-2-3,0.056254,1-4-3,0.034016,3-1-6,0.083891,3-1-4,0.080101,3-1-2,0.051524
20260820,23,8,2,1,2-1-6,0.106293,2-1-4,0.074685,2-1-3,0.071501,2-1-5,0.070221,2-4-6,0.039444,1-2-6,0.036012,1-2-3,0.030654,1-2-4,0.029463
20260820,23,9,1,2,1-2-3,0.098673,1-3-2,0.080069,1-3-6,0.061975,1-2-6,0.059825,1-6-2,0.02579,2-1-3,0.039063,2-1-6,0.033647,2-3-6,0.02061
20260820,23,10,1,2,1-2-3,0.125372,1-3-2,0.076819,1-2-6,0.051471,1-2-5,0.047127,1-3-6,0.025198,2-1-3,0.083655,2-1-6,0.043011,2-3-1,0.038586
20260820,23,11,1,2,1-2-4,0.123976,1-2-6,0.083018,1-2-3,0.082822,1-4-2,0.064229,1-2-5,0.049119,2-1-4,0.030531,2-1-6,0.021912,2-1-3,0.016492
20260820,23,12,1,2,1-2-3,0.122463,1-2-4,0.08694,1-3-2,0.072738,1-2-6,0.065551,1-2-5,0.053652,2-1-3,0.025776,2-1-4,0.022587,2-1-6,0.020679
20260820,21,1,1,2,1-2-5,0.112384,1-2-3,0.110765,1-3-5,0.091413,1-3-2,0.076875,1-5-2,0.061595,2-1-5,0.022828,2-1-3,0.020225,2-1-6,0.008039
20260820,21,2,1,4,1-4-2,0.109121,1-4-5,0.073932,1-4-3,0.06361,1-2-4,0.062942,1-3-4,0.052288,4-1-5,0.046118,4-1-2,0.035814,4-1-3,0.024821
20260820,21,3,1,3,1-3-5,0.108388,1-3-2,0.09125,1-2-3,0.076718,1-5-3,0.040626,1-2-5,0.039976,3-1-5,0.083112,3-1-2,0.051213,3-5-1,0.041034
20260820,21,4,1,4,1-3-4,0.080475,1-3-6,0.072842,1-2-3,0.065326,1-3-2,0.063844,1-4-3,0.054472,4-1-6,0.017033,4-1-3,0.013776,4-1-2,0.00951
20260820,21,5,1,5,1-5-6,0.13164,1-5-3,0.104086,1-5-2,0.091573,1-3-5,0.067482,1-2-5,0.047241,5-1-6,0.023021,5-1-3,0.011838,5-1-2,0.010204
20260820,21,6,1,2,1-2-6,0.089874,1-2-4,0.059585,1-2-3,0.049852,1-6-2,0.042933,1-4-2,0.032487,2-1-6,0.053227,2-1-4,0.030507,2-6-1,0.021451
20260820,21,7,1,2,1-2-4,0.095081,1-2-3,0.086573,1-2-5,0.074335,1-3-2,0.055015,1-4-2,0.048913,2-1-4,0.026632,2-1-5,0.02301,2-1-3,0.021897
20260820,21,8,2,6,2-1-6,0.10584,2-6-1,0.075027,2-1-3,0.056375,2-6-3,0.052569,2-6-5,0.047642,6-2-1,0.017782,6-1-2,0.015214,6-2-5,0.014553
20260820,21,9,1,2,1-2-3,0.091217,1-2-6,0.083567,1-3-2,0.071926,1-3-6,0.062953,1-2-5,0.049668,2-1-6,0.016827,2-1-3,0.013985,2-1-5,0.010273
20260820,21,10,1,3,1-3-2,0.119786,1-2-3,0.117232,1-3-4,0.090279,1-2-4,0.066172,1-4-3,0.048952,3-1-4,0.036285,3-1-2,0.035036,3-2-1,0.016165
20260820,21,11,1,2,1-2-3,0.109214,1-2-4,0.094051,1-2-6,0.074972,1-3-2,0.068061,1-2-5,0.064734,2-1-4,0.015247,2-1-3,0.012981,2-1-6,0.012324
20260820,21,12,1,4,1-2-3,0.062265,1-3-2,0.052773,1-2-4,0.050349,1-3-4,0.04921,1-4-2,0.042289,4-1-5,0.008659,4-1-6,0.008242,4-1-2,0.007884
20260820,20,1,1,2,1-2-4,0.045359,1-4-2,0.034605,1-2-3,0.031382,1-3-4,0.030323,1-4-3,0.027458,2-1-4,0.036887,2-4-6,0.027752,2-4-3,0.024967
20260820,20,2,2,1,2-1-5,0.059733,2-5-6,0.044226,2-1-6,0.036742,2-5-1,0.035349,2-6-5,0.027805,1-2-5,0.047727,1-2-6,0.035974,1-2-3,0.029717
20260820,20,3,1,2,1-3-6,0.080186,1-2-6,0.077709,1-2-3,0.067894,1-6-3,0.054014,1-3-2,0.047916,2-1-6,0.019663,2-1-3,0.015378,2-1-5,0.013213
20260820,20,4,1,4,1-4-5,0.092724,1-5-4,0.069113,1-4-6,0.036734,1-4-3,0.027223,1-5-6,0.026043,4-1-5,0.064875,4-5-1,0.035311,4-1-6,0.030255
20260820,20,5,1,4,1-2-4,0.115696,1-4-2,0.074797,1-2-3,0.058317,1-4-3,0.044485,1-3-4,0.042992,4-1-2,0.054783,4-2-1,0.046528,4-1-3,0.025631
20260820,20,6,1,2,1-2-4,0.113446,1-2-6,0.078012,1-4-2,0.070178,1-4-6,0.062688,1-6-4,0.038928,2-1-4,0.033361,2-1-6,0.027455,2-1-3,0.012547
20260820,20,7,1,5,1-2-5,0.135207,1-5-2,0.125799,1-5-4,0.060907,1-3-5,0.055644,1-5-3,0.051438,5-1-2,0.02163,5-1-4,0.011841,5-2-1,0.009739
20260820,20,8,1,2,1-2-3,0.141846,1-2-5,0.108445,1-2-4,0.100946,1-3-2,0.057966,1-2-6,0.037144,2-1-5,0.0564,2-1-3,0.054985,2-1-4,0.049179
20260820,20,9,1,2,1-2-5,0.073106,1-2-6,0.07033,1-2-4,0.050574,1-2-3,0.042009,1-5-2,0.029649,2-1-5,0.04727,2-1-6,0.042963,2-1-4,0.0283
20260820,20,10,1,2,1-2-3,0.120012,1-3-2,0.078951,1-2-5,0.067963,1-3-5,0.061101,1-2-4,0.048602,2-1-3,0.024727,2-1-5,0.017774,2-1-4,0.012736
20260820,20,11,1,2,1-2-3,0.116941,1-2-4,0.097596,1-3-2,0.088543,1-3-4,0.06837,1-4-2,0.062998,2-1-3,0.020608,2-1-4,0.019593,2-1-6,0.009707
20260820,20,12,1,4,1-2-3,0.083898,1-2-4,0.076544,1-3-4,0.064948,1-3-2,0.06084,1-2-6,0.056553,4-1-6,0.009647,4-1-2,0.007384,4-1-3,0.007042
20260820,19,1,1,3,1-2-6,0.053849,1-2-3,0.040629,1-2-5,0.039154,1-2-4,0.035827,1-6-2,0.035748,3-1-6,0.011776,3-1-5,0.009636,3-1-4,0.008562
20260820,19,2,1,2,1-2-3,0.047387,1-2-6,0.044969,1-3-6,0.043904,1-3-2,0.040141,1-6-3,0.030475,2-1-6,0.029775,2-3-6,0.028182,2-1-3,0.027918
20260820,19,3,1,2,1-2-5,0.15155,1-5-2,0.089401,1-2-3,0.075268,1-3-5,0.04916,1-3-2,0.046657,2-1-5,0.082304,2-5-1,0.041008,2-1-3,0.037153
20260820,19,4,1,2,1-2-5,0.08005,1-5-2,0.05344,1-3-5,0.042019,1-2-3,0.041247,1-5-6,0.039833,2-1-5,0.040874,2-5-1,0.019384,2-1-6,0.019023
20260820,19,5,1,2,1-2-6,0.12549,1-2-4,0.079198,1-6-2,0.059481,1-2-3,0.055623,1-2-5,0.040492,2-1-6,0.041739,2-1-4,0.023102,2-1-3,0.012062
20260820,19,6,2,1,2-1-6,0.047501,2-1-5,0.043783,2-1-4,0.031293,2-5-6,0.024584,2-6-5,0.020047,1-2-6,0.049436,1-2-5,0.042287,1-2-4,0.038807
20260820,19,7,1,3,1-3-6,0.053224,1-2-3,0.04646,1-2-6,0.042836,1-3-2,0.039181,1-6-3,0.031102,3-1-6,0.035597,3-2-6,0.030951,3-6-2,0.028145
20260820,19,8,1,4,1-4-3,0.091102,1-4-5,0.070427,1-3-4,0.067806,1-4-6,0.038037,1-5-4,0.03195,4-1-5,0.057861,4-1-3,0.049456,4-1-6,0.030235
20260820,19,9,1,3,1-3-6,0.11949,1-6-3,0.08876,1-2-6,0.059558,1-6-2,0.055753,1-6-5,0.047851,3-1-6,0.023691,3-1-5,0.010522,3-6-1,0.009841
20260820,19,10,1,3,1-3-2,0.119084,1-3-4,0.103343,1-2-3,0.101503,1-3-5,0.064539,1-4-3,0.051772,3-1-4,0.036969,3-1-2,0.036136,3-1-5,0.030573
20260820,19,11,1,3,1-3-4,0.101261,1-4-3,0.068041,1-3-6,0.066109,1-3-5,0.051821,1-3-2,0.041447,3-1-4,0.029879,3-1-6,0.026279,3-1-5,0.020513
20260820,19,12,1,2,1-2-3,0.112178,1-3-2,0.084175,1-2-4,0.079983,1-2-5,0.077665,1-2-6,0.069135,2-1-3,0.014065,2-1-4,0.011413,2-1-5,0.011172
20260820,18,1,1,2,1-2-3,0.131035,1-2-4,0.096684,1-3-2,0.092462,1-2-5,0.087269,1-3-4,0.053932,2-1-3,0.02015,2-1-5,0.017386,2-1-4,0.01712
20260820,18,2,1,5,1-2-5,0.105613,1-5-2,0.074055,1-5-6,0.062991,1-2-6,0.059874,1-2-3,0.044368,5-1-6,0.043929,5-1-2,0.034922,5-2-1,0.023328
20260820,18,3,1,4,1-4-5,0.121587,1-2-5,0.111342,1-2-4,0.108836,1-5-4,0.090719,1-4-2,0.08497,4-1-5,0.013552,4-5-1,0.006783,4-1-2,0.00615
20260820,18,4,1,2,1-2-3,0.198753,1-2-4,0.174644,1-3-2,0.081573,1-4-2,0.070382,1-2-5,0.055765,2-1-4,0.048974,2-1-3,0.046986,2-1-5,0.017197
20260820,18,5,1,4,1-2-4,0.096023,1-3-4,0.089773,1-4-2,0.078483,1-4-3,0.073543,1-4-6,0.066533,4-1-6,0.014719,4-1-3,0.010067,4-1-2,0.009715
20260820,18,6,1,2,1-2-4,0.077589,1-2-6,0.054585,1-4-2,0.043601,1-2-3,0.04342,1-3-2,0.030761,2-1-4,0.055063,2-4-6,0.040583,2-1-6,0.03981
20260820,18,7,1,3,1-2-3,0.075815,1-3-2,0.059085,1-2-5,0.035964,1-2-6,0.033633,1-3-5,0.025973,3-1-2,0.037966,3-2-6,0.035481,3-2-5,0.035446
20260820,18,8,1,4,1-4-2,0.108473,1-2-4,0.092044,1-4-3,0.052889,1-3-4,0.040963,1-4-6,0.036755,4-1-2,0.064526,4-2-1,0.036266,4-1-6,0.034735
20260820,18,9,1,6,1-2-6,0.093515,1-6-4,0.087011,1-6-2,0.07238,1-4-6,0.070807,1-2-4,0.056251,6-1-4,0.035598,6-1-2,0.022123,6-4-1,0.017651
20260820,18,10,1,2,1-2-3,0.101447,1-3-2,0.082939,1-2-5,0.056145,1-3-5,0.050733,1-2-6,0.028488,2-1-3,0.054281,2-1-5,0.033465,2-3-1,0.024537
20260820,18,11,1,2,1-2-4,0.1038,1-2-3,0.080382,1-4-2,0.070226,1-3-4,0.067954,1-3-2,0.060508,2-1-4,0.04368,2-1-3,0.031724,2-3-4,0.025944
20260820,18,12,1,2,1-2-3,0.143111,1-3-2,0.102503,1-2-4,0.091038,1-3-4,0.072486,1-4-2,0.052787,2-1-3,0.023277,2-1-4,0.018344,2-1-5,0.009097
20260820,16,1,1,3,1-3-5,0.132865,1-2-3,0.10063,1-3-2,0.096878,1-2-5,0.072038,1-5-3,0.052759,3-1-5,0.050021,3-1-2,0.028847,3-5-1,0.02009
20260820,16,2,1,2,1-2-4,0.119742,1-2-3,0.085058,1-2-5,0.06142,1-2-6,0.046667,1-3-2,0.046434,2-1-4,0.071539,2-1-3,0.040395,2-1-5,0.037785
20260820,16,3,1,3,1-3-6,0.079151,1-6-3,0.061037,1-3-2,0.036106,1-2-6,0.034916,1-6-2,0.032674,3-1-6,0.077642,3-6-1,0.061545,3-6-2,0.035145
20260820,16,4,1,2,1-2-4,0.14044,1-4-2,0.06728,1-2-5,0.061852,1-2-3,0.048507,1-4-5,0.027624,2-1-4,0.100776,2-1-5,0.056594,2-4-1,0.042054
20260820,16,5,2,1,2-1-3,0.080784,2-3-1,0.052212,2-1-6,0.045417,2-3-6,0.040991,2-1-4,0.038627,1-2-3,0.09543,1-3-2,0.053089,1-2-6,0.041356
20260820,16,6,3,2,3-4-5,0.050134,3-4-2,0.038738,3-2-4,0.028778,3-5-4,0.023559,3-4-6,0.018695,2-3-4,0.053291,2-4-3,0.038568,2-3-5,0.031205
20260820,16,7,1,3,1-3-5,0.137379,1-5-3,0.092361,1-3-6,0.025095,1-5-6,0.021028,1-3-2,0.019683,3-1-5,0.113739,3-5-1,0.06864,3-1-6,0.030487
20260820,16,8,3,1,3-6-4,0.094344,3-4-6,0.091335,3-6-1,0.052443,3-1-6,0.048784,3-1-4,0.037612,1-3-6,0.035352,1-6-3,0.030492,1-3-4,0.029551
20260820,16,9,1,3,1-3-4,0.235617,1-4-3,0.134381,1-3-6,0.057728,1-3-5,0.057097,1-3-2,0.036131,3-1-4,0.048257,3-4-1,0.01827,3-1-6,0.01765
20260820,16,10,1,3,1-3-4,0.091371,1-3-5,0.073456,1-3-2,0.067565,1-3-6,0.064333,1-2-3,0.054424,3-1-4,0.029012,3-1-5,0.027029,3-1-6,0.026299
20260820,16,11,1,2,1-2-3,0.168654,1-3-2,0.135542,1-2-6,0.070208,1-2-4,0.049678,1-3-6,0.049185,2-1-3,0.040534,2-1-6,0.022104,2-3-1,0.014412
20260820,16,12,1,3,1-4-3,0.103773,1-3-4,0.093898,1-4-2,0.073794,1-2-4,0.060647,1-2-3,0.054017,3-1-4,0.03675,3-4-1,0.023845,3-1-5,0.015117
20260820,15,1,1,5,1-3-5,0.065571,1-5-3,0.051513,1-5-6,0.041568,1-3-6,0.033873,1-5-2,0.02828,5-1-6,0.03137,5-1-3,0.028106,5-3-1,0.020834
20260820,15,2,1,3,1-3-2,0.07987,1-3-5,0.077981,1-2-3,0.071484,1-2-5,0.039794,1-3-4,0.037535,3-1-5,0.054308,3-1-2,0.039324,3-2-5,0.027906
20260820,15,3,1,2,1-2-6,0.080989,1-6-2,0.05654,1-2-3,0.029595,1-2-4,0.026893,1-6-3,0.024473,2-1-6,0.067356,2-6-1,0.050592,2-6-4,0.034689
20260820,15,4,3,1,3-1-6,0.054575,3-1-5,0.049579,3-1-4,0.042821,3-1-2,0.027793,3-5-6,0.022899,1-3-6,0.046804,1-3-5,0.041229,1-3-4,0.037551
20260820,15,5,1,5,1-5-6,0.054836,1-2-5,0.053752,1-2-6,0.046252,1-5-2,0.045813,1-5-4,0.0426,5-1-6,0.019581,5-1-4,0.013931,5-1-2,0.013643
20260820,15,6,1,3,1-3-2,0.108992,1-2-3,0.082948,1-3-4,0.033258,1-3-6,0.031075,1-3-5,0.025502,3-1-2,0.086016,3-2-1,0.047794,3-1-6,0.037953
20260820,15,7,1,3,1-3-6,0.059995,1-6-3,0.041134,1-3-5,0.029629,1-4-6,0.02733,1-3-4,0.026335,3-1-6,0.034837,3-6-1,0.022227,3-1-5,0.018957
20260820,15,8,1,3,1-3-5,0.064342,1-3-6,0.05148,1-5-6,0.050056,1-2-5,0.047683,1-5-3,0.044327,3-1-5,0.017902,3-1-6,0.015579,3-5-1,0.00828
20260820,15,9,1,3,1-2-3,0.062041,1-3-4,0.055082,1-2-4,0.054597,1-3-2,0.045226,1-4-3,0.043764,3-1-4,0.028245,3-2-4,0.021596,3-1-2,0.019112
20260820,15,10,1,4,1-4-6,0.07787,1-4-2,0.072203,1-4-3,0.071634,1-4-5,0.057532,1-2-4,0.054701,4-1-6,0.039988,4-1-5,0.031292,4-1-3,0.0224
20260820,15,11,1,2,1-2-4,0.153218,1-2-5,0.121642,1-4-2,0.0781,1-2-3,0.053749,1-5-2,0.049811,2-1-4,0.032755,2-1-5,0.030539,2-1-3,0.011469
20260820,15,12,1,2,1-2-3,0.159433,1-2-4,0.128632,1-3-2,0.097717,1-3-4,0.069167,1-4-2,0.054883,2-1-3,0.026069,2-1-4,0.024902,2-3-1,0.009856
20260820,13,1,3,1,3-4-5,0.050582,3-1-4,0.048576,3-4-2,0.04698,3-2-4,0.039693,3-1-2,0.038255,1-3-2,0.027598,1-3-4,0.027275,1-2-3,0.020688
20260820,13,2,2,1,2-3-5,0.078032,2-3-4,0.060608,2-1-3,0.049308,2-5-3,0.043333,2-1-5,0.041051,1-2-3,0.035888,1-2-5,0.024065,1-2-4,0.023428
20260820,13,3,4,5,4-5-3,0.031152,4-5-2,0.030923,4-3-5,0.027009,4-2-5,0.022011,4-5-1,0.019102,5-4-3,0.029191,5-4-2,0.027311,5-3-4,0.025007
20260820,13,4,2,1,2-4-5,0.03063,2-5-4,0.029192,2-1-5,0.019899,2-3-5,0.018589,2-1-4,0.017884,1-2-5,0.028487,1-2-4,0.025358,1-4-5,0.022052
20260820,13,5,2,1,2-1-4,0.069443,2-4-5,0.068084,2-1-5,0.044822,2-4-1,0.040568,2-4-6,0.036264,1-2-4,0.063095,1-4-2,0.038308,1-2-5,0.034316
20260820,13,6,1,3,1-3-5,0.108953,1-4-5,0.080072,1-5-4,0.080048,1-5-3,0.076459,1-3-4,0.072758,3-1-5,0.020231,3-1-4,0.014962,3-5-1,0.009672
20260820,13,7,1,4,1-4-2,0.209493,1-2-4,0.173353,1-4-6,0.103318,1-2-6,0.054273,1-4-5,0.052602,4-1-2,0.028618,4-1-6,0.020773,4-1-5,0.012874
20260820,13,8,1,4,1-2-5,0.11124,1-5-3,0.081244,1-3-5,0.07921,1-2-3,0.078871,1-5-4,0.075109,4-1-5,0.011175,4-1-3,0.005988,4-5-1,0.00498
20260820,13,9,1,2,1-2-4,0.128363,1-2-3,0.107201,1-3-2,0.071477,1-4-2,0.065195,1-3-4,0.061328,2-1-4,0.029044,2-1-3,0.020113,2-1-6,0.012842
20260820,13,10,1,4,1-2-4,0.070459,1-4-2,0.064705,1-2-3,0.062291,1-3-4,0.061388,1-4-3,0.057394,4-1-5,0.017223,4-1-2,0.0133,4-1-3,0.010866
20260820,13,11,1,2,1-2-3,0.13126,1-3-2,0.112046,1-3-5,0.056844,1-3-4,0.051742,1-2-5,0.051522,2-1-3,0.032736,2-3-1,0.016551,2-1-5,0.015194
20260820,13,12,1,2,1-2-3,0.196834,1-3-2,0.094922,1-2-4,0.072703,1-2-6,0.041003,1-2-5,0.03441,2-1-3,0.088319,2-1-4,0.040476,2-3-1,0.034472
20260820,11,1,1,2,1-2-6,0.121957,1-6-2,0.06225,1-2-5,0.062108,1-2-4,0.04874,1-2-3,0.039814,2-1-6,0.035541,2-1-5,0.01866,2-1-4,0.014142
20260820,11,2,1,4,1-4-3,0.081055,1-3-4,0.067607,1-4-2,0.05281,1-2-4,0.040665,1-4-5,0.033989,4-1-3,0.05806,4-3-1,0.032768,4-1-5,0.031498
20260820,11,3,1,2,1-2-3,0.145038,1-3-2,0.096765,1-2-4,0.076519,1-2-6,0.063624,1-2-5,0.041804,2-1-3,0.029829,2-1-4,0.017195,2-1-6,0.016734
20260820,11,4,1,4,1-4-5,0.136276,1-4-2,0.072941,1-5-4,0.069747,1-2-4,0.050365,1-2-5,0.035015,4-1-5,0.111947,4-5-1,0.069263,4-1-2,0.041894
20260820,11,5,1,3,1-3-4,0.133389,1-3-2,0.097912,1-3-6,0.067253,1-2-3,0.064857,1-3-5,0.063856,3-1-4,0.067869,3-1-6,0.044442,3-1-5,0.041488
20260820,11,6,1,4,1-4-3,0.119705,1-4-5,0.10518,1-3-4,0.086684,1-4-2,0.079388,1-2-4,0.053646,4-1-5,0.031715,4-1-3,0.02285,4-1-2,0.016763
20260820,11,7,1,3,1-3-6,0.048808,1-6-3,0.030669,1-3-4,0.026313,1-2-3,0.025876,1-3-2,0.024051,3-1-6,0.036604,3-6-5,0.020941,3-4-6,0.020364
20260820,11,8,1,6,1-2-6,0.083556,1-6-2,0.070153,1-2-3,0.046145,1-6-3,0.040496,1-3-6,0.038568,6-1-2,0.031171,6-2-1,0.020558,6-1-4,0.017464
20260820,11,9,1,6,1-2-6,0.106898,1-6-2,0.080199,1-2-3,0.072822,1-6-3,0.061356,1-6-5,0.053031,6-1-2,0.015014,6-1-5,0.01472,6-1-3,0.012109
20260820,11,10,1,2,1-2-4,0.067714,1-2-5,0.062345,1-2-6,0.052897,1-2-3,0.040564,1-4-2,0.039779,2-1-5,0.019088,2-1-4,0.018794,2-1-6,0.014518
20260820,11,11,1,2,1-2-3,0.121299,1-3-2,0.0771,1-2-4,0.059914,1-2-5,0.04845,1-3-4,0.037188,2-1-3,0.04567,2-1-4,0.029518,2-1-5,0.023722
20260820,11,12,1,2,1-2-4,0.125884,1-2-3,0.091074,1-2-6,0.068782,1-2-5,0.068714,1-4-2,0.057224,2-1-4,0.025362,2-1-3,0.016303,2-1-6,0.016277
20260820,09,1,1,5,1-3-5,0.132353,1-5-3,0.089478,1-3-2,0.08266,1-3-4,0.072828,1-2-3,0.068903,5-1-3,0.018649,5-1-4,0.010513,5-1-2,0.009724
20260820,09,2,1,4,1-2-4,0.054003,1-4-6,0.053852,1-2-6,0.053723,1-4-2,0.037711,1-6-4,0.037309,4-1-6,0.033184,4-2-6,0.021037,4-1-2,0.01904
20260820,09,3,1,4,1-4-5,0.058866,1-4-3,0.056981,1-3-4,0.056123,1-3-5,0.047956,1-5-4,0.044045,4-1-5,0.022277,4-1-3,0.016827,4-5-1,0.015062
20260820,09,4,2,1,2-4-5,0.045512,2-3-4,0.036602,2-1-4,0.033101,2-5-4,0.031709,2-4-3,0.031467,1-2-4,0.057434,1-2-5,0.0442,1-2-3,0.042733
20260820,09,5,1,4,1-2-4,0.108532,1-4-2,0.083238,1-2-3,0.075162,1-3-4,0.073865,1-3-2,0.063619,4-1-6,0.011124,4-1-2,0.010329,4-1-3,0.00664
20260820,09,6,1,3,1-2-3,0.10603,1-3-2,0.106017,1-3-5,0.049777,1-3-4,0.046279,1-2-5,0.030724,3-1-2,0.056504,3-2-1,0.040069,3-1-5,0.035631
20260820,09,7,1,2,1-2-4,0.138416,1-4-2,0.099677,1-2-3,0.064484,1-4-3,0.053969,1-3-4,0.052459,2-1-4,0.037149,2-1-3,0.016347,2-4-1,0.012047
20260820,09,8,1,5,1-2-5,0.101055,1-5-2,0.069458,1-5-4,0.068312,1-3-5,0.06482,1-2-3,0.058298,5-1-4,0.020527,5-1-2,0.017959,5-1-3,0.013092
20260820,09,9,1,3,1-3-6,0.100275,1-6-3,0.078567,1-3-4,0.042078,1-2-3,0.041972,1-2-6,0.040396,3-1-6,0.040272,3-6-1,0.022972,3-1-4,0.015918
20260820,09,10,1,3,1-3-4,0.117678,1-3-6,0.09935,1-3-2,0.071079,1-2-3,0.062673,1-4-3,0.060228,3-1-6,0.038034,3-1-4,0.036657,3-1-2,0.019162
20260820,09,11,1,2,1-2-4,0.078356,1-2-5,0.067563,1-4-5,0.062963,1-4-2,0.057304,1-5-4,0.048877,2-1-4,0.023361,2-1-5,0.021261,2-4-1,0.009027
20260820,09,12,1,2,1-2-3,0.098957,1-2-4,0.098403,1-2-5,0.088524,1-3-2,0.053519,1-4-2,0.050605,2-1-4,0.015936,2-1-5,0.01443,2-1-3,0.013299
20260820,05,1,2,1,2-1-4,0.129438,2-1-5,0.068797,2-4-1,0.066627,2-1-3,0.050227,2-1-6,0.044485,1-2-4,0.052329,1-2-5,0.025986,1-2-3,0.024714
20260820,05,2,1,4,1-4-6,0.035434,1-3-6,0.029812,1-6-4,0.025088,1-2-6,0.022152,1-4-3,0.021797,4-1-6,0.031381,4-6-5,0.026122,4-5-6,0.024981
20260820,05,3,1,4,1-4-5,0.145628,1-4-3,0.130132,1-3-4,0.07477,1-4-2,0.057486,1-4-6,0.046131,4-1-5,0.061359,4-1-3,0.037675,4-1-6,0.023071
20260820,05,4,1,3,1-2-6,0.08066,1-3-6,0.06756,1-2-3,0.067276,1-3-2,0.05575,1-6-2,0.043014,3-1-6,0.025547,3-1-2,0.016089,3-1-4,0.012012
20260820,05,5,1,5,1-4-5,0.085194,1-5-4,0.073375,1-5-6,0.054253,1-4-6,0.044233,1-3-5,0.043367,5-1-6,0.035085,5-1-4,0.032954,5-4-1,0.017144
20260820,05,6,2,3,2-5-3,0.054223,2-5-6,0.045111,2-3-5,0.042195,2-3-6,0.023156,2-5-1,0.02062,3-5-6,0.051941,3-5-2,0.039957,3-2-5,0.03274
20260820,05,7,1,2,1-2-6,0.139255,1-2-3,0.078575,1-6-2,0.0609,1-3-6,0.052731,1-3-2,0.040942,2-1-6,0.040644,2-1-3,0.020235,2-6-1,0.017251
20260820,05,8,1,4,1-4-5,0.101524,1-4-2,0.082315,1-4-3,0.059984,1-4-6,0.052789,1-5-4,0.039536,4-1-5,0.081475,4-1-6,0.045509,4-1-2,0.036141
20260820,05,9,1,3,1-2-3,0.062716,1-3-2,0.055465,1-3-4,0.039037,1-2-4,0.032372,1-4-3,0.022251,3-2-4,0.032255,3-1-2,0.030353,3-1-4,0.025518
20260820,05,10,1,3,1-2-3,0.096185,1-3-2,0.087769,1-3-4,0.082339,1-2-4,0.049861,1-3-6,0.048214,3-1-4,0.034753,3-1-2,0.030481,3-1-6,0.024049
20260820,05,11,1,2,1-2-4,0.086669,1-2-3,0.075801,1-2-5,0.059336,1-3-2,0.043701,1-4-2,0.040589,2-1-4,0.047275,2-1-3,0.039449,2-1-5,0.033162
20260820,05,12,1,3,1-2-4,0.083594,1-2-3,0.083418,1-4-2,0.060771,1-3-2,0.058485,1-3-4,0.055444,3-1-4,0.015797,3-1-2,0.013151,3-1-5,0.011214
20260820,04,1,1,6,1-4-6,0.03594,1-6-4,0.031011,1-6-5,0.023828,1-6-3,0.022623,1-5-6,0.018245,6-4-5,0.031141,6-5-4,0.027917,6-1-4,0.023286
20260820,04,2,1,4,1-4-6,0.088833,1-2-4,0.066066,1-2-6,0.061309,1-4-2,0.054455,1-6-4,0.049141,4-1-6,0.022678,4-1-5,0.014701,4-1-2,0.012286
20260820,04,3,2,1,2-1-4,0.06202,2-1-5,0.051885,2-1-3,0.037181,2-1-6,0.035382,2-4-5,0.031543,1-2-4,0.059188,1-2-5,0.043678,1-2-3,0.04163
20260820,04,4,1,2,1-2-6,0.0356,1-2-3,0.030087,1-3-6,0.026485,1-2-4,0.024989,1-3-2,0.02353,2-1-6,0.027546,2-3-6,0.024375,2-1-3,0.022903
20260820,04,5,4,1,4-1-6,0.051892,4-6-2,0.047065,4-2-6,0.046359,4-1-2,0.032959,4-6-1,0.030976,1-4-6,0.056237,1-2-4,0.051931,1-4-2,0.043944
20260820,04,6,3,1,3-1-5,0.065973,3-5-1,0.042497,3-5-2,0.034906,3-2-5,0.032444,3-1-2,0.030403,1-3-5,0.071574,1-3-2,0.041197,1-5-3,0.039245
20260820,04,7,1,3,1-3-4,0.078612,1-3-2,0.075122,1-2-3,0.070113,1-2-4,0.042419,1-4-3,0.037496,3-1-4,0.046492,3-1-2,0.038449,3-4-1,0.028356
20260820,04,8,1,4,1-4-5,0.088198,1-4-2,0.085153,1-2-4,0.048683,1-5-4,0.033935,1-2-5,0.027726,4-1-5,0.077551,4-1-2,0.052061,4-5-1,0.043327
20260820,04,9,1,3,1-2-3,0.099385,1-3-2,0.089538,1-3-6,0.043674,1-3-4,0.041515,1-2-6,0.038606,3-1-2,0.041024,3-1-6,0.029671,3-2-1,0.026119
20260820,04,10,1,2,1-2-3,0.066621,1-2-6,0.066001,1-2-5,0.045841,1-3-2,0.039213,1-2-4,0.035229,2-1-6,0.041484,2-1-3,0.038817,2-1-5,0.031949
20260820,04,11,1,2,1-2-3,0.070383,1-2-6,0.058421,1-2-5,0.045447,1-3-2,0.04273,1-2-4,0.031379,2-1-6,0.037996,2-1-3,0.032991,2-1-5,0.032389
20260820,04,12,1,3,1-2-3,0.040489,1-2-5,0.038457,1-2-4,0.035619,1-2-6,0.032992,1-3-2,0.031784,3-1-5,0.021901,3-1-6,0.021091,3-1-2,0.020481
20260820,02,1,4,1,4-1-6,0.030562,4-3-6,0.025519,4-1-3,0.020318,4-3-1,0.019464,4-6-1,0.018304,1-3-4,0.027829,1-4-6,0.024988,1-2-4,0.024331
20260820,02,2,2,1,2-3-5,0.040869,2-1-5,0.033454,2-5-3,0.032638,2-1-3,0.027533,2-5-1,0.02216,1-2-5,0.036293,1-2-3,0.034767,1-3-5,0.029533
20260820,02,3,1,6,1-2-6,0.037343,1-4-6,0.03355,1-6-5,0.02852,1-6-4,0.026925,1-6-2,0.026719,6-1-5,0.014709,6-1-4,0.01191,6-4-5,0.009082
20260820,02,4,2,1,2-1-5,0.101197,2-1-4,0.075665,2-1-3,0.066318,2-5-1,0.033782,2-3-1,0.029365,1-2-5,0.058864,1-2-3,0.052149,1-2-4,0.048691
20260820,02,5,1,4,1-2-4,0.079096,1-4-2,0.075872,1-4-3,0.046025,1-3-4,0.041155,1-2-3,0.038446,4-1-2,0.046108,4-1-6,0.034166,4-1-3,0.024605
20260820,02,6,2,1,2-1-3,0.116852,2-3-1,0.08576,2-3-5,0.051712,2-1-5,0.05071,2-5-3,0.028244,1-2-3,0.063616,1-3-2,0.037594,1-2-5,0.026763
20260820,02,7,1,2,1-2-3,0.120288,1-2-4,0.101373,1-2-5,0.097803,1-3-2,0.065865,1-4-2,0.056321,2-1-3,0.017031,2-1-4,0.016556,2-1-5,0.01577
20260820,02,8,3,1,3-1-6,0.097353,3-1-2,0.06091,3-1-4,0.051317,3-2-6,0.037917,3-2-1,0.037722,1-3-6,0.050173,1-3-2,0.045282,1-2-3,0.02745
20260820,02,9,1,4,1-2-4,0.068133,1-2-5,0.06035,1-2-6,0.04793,1-4-2,0.033471,1-4-5,0.023681,4-1-2,0.022894,4-1-5,0.022168,4-2-1,0.021506
20260820,02,10,1,3,1-3-5,0.05494,1-2-5,0.051405,1-5-3,0.034899,1-2-3,0.034767,1-5-2,0.034368,3-1-5,0.021125,3-1-6,0.013588,3-1-4,0.012311
20260820,02,11,1,2,1-2-3,0.080577,1-2-5,0.066558,1-2-4,0.05779,1-3-2,0.048256,1-2-6,0.02989,2-1-5,0.048417,2-1-3,0.043039,2-1-4,0.039544
20260820,02,12,1,4,1-3-4,0.071133,1-2-4,0.055978,1-4-3,0.049842,1-3-2,0.045558,1-4-2,0.045441,4-1-6,0.020872,4-1-3,0.020525,4-1-2,0.020039
